event_id,decision_id,flag_reason
EVT00020,DEC000010,related_item_or_supplier_changed
EVT00020,DEC000017,related_item_or_supplier_changed
EVT00020,DEC000038,related_item_or_supplier_changed
EVT00020,DEC000050,related_item_or_supplier_changed
EVT00020,DEC000051,related_item_or_supplier_changed
EVT00020,DEC000054,related_item_or_supplier_changed
EVT00031,DEC000002,related_item_or_supplier_changed
EVT00031,DEC000004,related_item_or_supplier_changed
EVT00031,DEC000005,related_item_or_supplier_changed
EVT00031,DEC000013,related_item_or_supplier_changed
EVT00031,DEC000015,related_item_or_supplier_changed
EVT00031,DEC000021,related_item_or_supplier_changed
EVT00031,DEC000025,related_item_or_supplier_changed
EVT00031,DEC000033,related_item_or_supplier_changed
EVT00031,DEC000037,related_item_or_supplier_changed
EVT00031,DEC000041,related_item_or_supplier_changed
EVT00031,DEC000055,related_item_or_supplier_changed
EVT00024,DEC000019,related_item_or_supplier_changed
EVT00024,DEC000048,related_item_or_supplier_changed
EVT00024,DEC000053,related_item_or_supplier_changed
EVT00013,DEC000018,related_item_or_supplier_changed
EVT00013,DEC000068,related_item_or_supplier_changed
EVT00022,DEC000014,related_item_or_supplier_changed
EVT00022,DEC000028,related_item_or_supplier_changed
EVT00022,DEC000034,related_item_or_supplier_changed
EVT00022,DEC000047,related_item_or_supplier_changed
EVT00022,DEC000090,related_item_or_supplier_changed
EVT00022,DEC000094,related_item_or_supplier_changed
EVT00022,DEC000097,related_item_or_supplier_changed
EVT00022,DEC000102,related_item_or_supplier_changed
EVT00021,DEC000048,related_item_or_supplier_changed
EVT00021,DEC000093,related_item_or_supplier_changed
EVT00019,DEC000051,related_item_or_supplier_changed
EVT00019,DEC000103,related_item_or_supplier_changed
EVT00030,DEC000012,related_item_or_supplier_changed
EVT00030,DEC000018,related_item_or_supplier_changed
EVT00030,DEC000024,related_item_or_supplier_changed
EVT00030,DEC000035,related_item_or_supplier_changed
EVT00030,DEC000046,related_item_or_supplier_changed
EVT00030,DEC000058,related_item_or_supplier_changed
EVT00030,DEC000059,related_item_or_supplier_changed
EVT00030,DEC000068,related_item_or_supplier_changed
EVT00030,DEC000070,related_item_or_supplier_changed
EVT00030,DEC000078,related_item_or_supplier_changed
EVT00030,DEC000089,related_item_or_supplier_changed
EVT00030,DEC000096,related_item_or_supplier_changed
EVT00030,DEC000108,related_item_or_supplier_changed
EVT00030,DEC000116,related_item_or_supplier_changed
EVT00030,DEC000117,related_item_or_supplier_changed
EVT00030,DEC000119,related_item_or_supplier_changed
EVT00030,DEC000134,related_item_or_supplier_changed
EVT00030,DEC000139,related_item_or_supplier_changed
EVT00030,DEC000145,related_item_or_supplier_changed
EVT00030,DEC000148,related_item_or_supplier_changed
EVT00009,DEC000002,related_item_or_supplier_changed
EVT00009,DEC000004,related_item_or_supplier_changed
EVT00009,DEC000005,related_item_or_supplier_changed
EVT00009,DEC000013,related_item_or_supplier_changed
EVT00009,DEC000015,related_item_or_supplier_changed
EVT00009,DEC000021,related_item_or_supplier_changed
EVT00009,DEC000025,related_item_or_supplier_changed
EVT00009,DEC000033,related_item_or_supplier_changed
EVT00009,DEC000037,related_item_or_supplier_changed
EVT00009,DEC000041,related_item_or_supplier_changed
EVT00009,DEC000055,related_item_or_supplier_changed
EVT00009,DEC000061,related_item_or_supplier_changed
EVT00009,DEC000063,related_item_or_supplier_changed
EVT00009,DEC000067,related_item_or_supplier_changed
EVT00009,DEC000074,related_item_or_supplier_changed
EVT00009,DEC000075,related_item_or_supplier_changed
EVT00009,DEC000091,related_item_or_supplier_changed
EVT00009,DEC000092,related_item_or_supplier_changed
EVT00009,DEC000095,related_item_or_supplier_changed
EVT00009,DEC000105,related_item_or_supplier_changed
EVT00009,DEC000106,related_item_or_supplier_changed
EVT00009,DEC000118,related_item_or_supplier_changed
EVT00009,DEC000125,related_item_or_supplier_changed
EVT00009,DEC000133,related_item_or_supplier_changed
EVT00009,DEC000136,related_item_or_supplier_changed
EVT00009,DEC000138,related_item_or_supplier_changed
EVT00009,DEC000152,related_item_or_supplier_changed
EVT00009,DEC000158,related_item_or_supplier_changed
EVT00023,DEC000019,related_item_or_supplier_changed
EVT00023,DEC000048,related_item_or_supplier_changed
EVT00023,DEC000053,related_item_or_supplier_changed
EVT00023,DEC000087,related_item_or_supplier_changed
EVT00023,DEC000093,related_item_or_supplier_changed
EVT00023,DEC000124,related_item_or_supplier_changed
EVT00023,DEC000130,related_item_or_supplier_changed
EVT00023,DEC000181,related_item_or_supplier_changed
EVT00023,DEC000182,related_item_or_supplier_changed
EVT00005,DEC000014,related_item_or_supplier_changed
EVT00005,DEC000028,related_item_or_supplier_changed
EVT00005,DEC000034,related_item_or_supplier_changed
EVT00005,DEC000047,related_item_or_supplier_changed
EVT00005,DEC000090,related_item_or_supplier_changed
EVT00005,DEC000094,related_item_or_supplier_changed
EVT00005,DEC000097,related_item_or_supplier_changed
EVT00005,DEC000102,related_item_or_supplier_changed
EVT00005,DEC000147,related_item_or_supplier_changed
EVT00005,DEC000151,related_item_or_supplier_changed
EVT00005,DEC000156,related_item_or_supplier_changed
EVT00036,DEC000011,related_item_or_supplier_changed
EVT00036,DEC000040,related_item_or_supplier_changed
EVT00036,DEC000056,related_item_or_supplier_changed
EVT00036,DEC000064,related_item_or_supplier_changed
EVT00036,DEC000086,related_item_or_supplier_changed
EVT00036,DEC000104,related_item_or_supplier_changed
EVT00036,DEC000112,related_item_or_supplier_changed
EVT00036,DEC000142,related_item_or_supplier_changed
EVT00036,DEC000157,related_item_or_supplier_changed
EVT00036,DEC000172,related_item_or_supplier_changed
EVT00036,DEC000175,related_item_or_supplier_changed
EVT00006,DEC000023,related_item_or_supplier_changed
EVT00006,DEC000029,related_item_or_supplier_changed
EVT00006,DEC000052,related_item_or_supplier_changed
EVT00006,DEC000080,related_item_or_supplier_changed
EVT00006,DEC000082,related_item_or_supplier_changed
EVT00006,DEC000107,related_item_or_supplier_changed
EVT00006,DEC000137,related_item_or_supplier_changed
EVT00006,DEC000146,related_item_or_supplier_changed
EVT00006,DEC000155,related_item_or_supplier_changed
EVT00018,DEC000006,related_item_or_supplier_changed
EVT00018,DEC000009,related_item_or_supplier_changed
EVT00018,DEC000022,related_item_or_supplier_changed
EVT00018,DEC000036,related_item_or_supplier_changed
EVT00018,DEC000045,related_item_or_supplier_changed
EVT00018,DEC000049,related_item_or_supplier_changed
EVT00018,DEC000060,related_item_or_supplier_changed
EVT00018,DEC000079,related_item_or_supplier_changed
EVT00018,DEC000083,related_item_or_supplier_changed
EVT00018,DEC000085,related_item_or_supplier_changed
EVT00018,DEC000099,related_item_or_supplier_changed
EVT00018,DEC000123,related_item_or_supplier_changed
EVT00018,DEC000126,related_item_or_supplier_changed
EVT00018,DEC000127,related_item_or_supplier_changed
EVT00018,DEC000129,related_item_or_supplier_changed
EVT00018,DEC000159,related_item_or_supplier_changed
EVT00018,DEC000164,related_item_or_supplier_changed
EVT00018,DEC000167,related_item_or_supplier_changed
EVT00018,DEC000178,related_item_or_supplier_changed
EVT00018,DEC000196,related_item_or_supplier_changed
EVT00018,DEC000203,related_item_or_supplier_changed
EVT00018,DEC000207,related_item_or_supplier_changed
EVT00002,DEC000023,related_item_or_supplier_changed
EVT00002,DEC000029,related_item_or_supplier_changed
EVT00002,DEC000052,related_item_or_supplier_changed
EVT00002,DEC000080,related_item_or_supplier_changed
EVT00002,DEC000082,related_item_or_supplier_changed
EVT00002,DEC000107,related_item_or_supplier_changed
EVT00002,DEC000137,related_item_or_supplier_changed
EVT00002,DEC000146,related_item_or_supplier_changed
EVT00002,DEC000155,related_item_or_supplier_changed
EVT00002,DEC000204,related_item_or_supplier_changed
EVT00002,DEC000206,related_item_or_supplier_changed
EVT00002,DEC000211,related_item_or_supplier_changed
EVT00034,DEC000006,related_item_or_supplier_changed
EVT00034,DEC000009,related_item_or_supplier_changed
EVT00034,DEC000022,related_item_or_supplier_changed
EVT00034,DEC000036,related_item_or_supplier_changed
EVT00034,DEC000045,related_item_or_supplier_changed
EVT00034,DEC000049,related_item_or_supplier_changed
EVT00034,DEC000060,related_item_or_supplier_changed
EVT00034,DEC000079,related_item_or_supplier_changed
EVT00034,DEC000083,related_item_or_supplier_changed
EVT00034,DEC000085,related_item_or_supplier_changed
EVT00034,DEC000099,related_item_or_supplier_changed
EVT00034,DEC000123,related_item_or_supplier_changed
EVT00034,DEC000126,related_item_or_supplier_changed
EVT00034,DEC000127,related_item_or_supplier_changed
EVT00034,DEC000129,related_item_or_supplier_changed
EVT00034,DEC000159,related_item_or_supplier_changed
EVT00034,DEC000164,related_item_or_supplier_changed
EVT00034,DEC000167,related_item_or_supplier_changed
EVT00034,DEC000178,related_item_or_supplier_changed
EVT00034,DEC000196,related_item_or_supplier_changed
EVT00034,DEC000203,related_item_or_supplier_changed
EVT00034,DEC000207,related_item_or_supplier_changed
EVT00032,DEC000011,related_item_or_supplier_changed
EVT00032,DEC000040,related_item_or_supplier_changed
EVT00032,DEC000056,related_item_or_supplier_changed
EVT00032,DEC000064,related_item_or_supplier_changed
EVT00032,DEC000086,related_item_or_supplier_changed
EVT00032,DEC000104,related_item_or_supplier_changed
EVT00032,DEC000112,related_item_or_supplier_changed
EVT00032,DEC000142,related_item_or_supplier_changed
EVT00032,DEC000157,related_item_or_supplier_changed
EVT00032,DEC000172,related_item_or_supplier_changed
EVT00032,DEC000175,related_item_or_supplier_changed
EVT00032,DEC000199,related_item_or_supplier_changed
EVT00032,DEC000220,related_item_or_supplier_changed
EVT00039,DEC000021,related_item_or_supplier_changed
EVT00039,DEC000063,related_item_or_supplier_changed
EVT00039,DEC000091,related_item_or_supplier_changed
EVT00039,DEC000125,related_item_or_supplier_changed
EVT00039,DEC000176,related_item_or_supplier_changed
EVT00039,DEC000223,related_item_or_supplier_changed
EVT00040,DEC000014,related_item_or_supplier_changed
EVT00040,DEC000028,related_item_or_supplier_changed
EVT00040,DEC000034,related_item_or_supplier_changed
EVT00040,DEC000047,related_item_or_supplier_changed
EVT00040,DEC000090,related_item_or_supplier_changed
EVT00040,DEC000094,related_item_or_supplier_changed
EVT00040,DEC000097,related_item_or_supplier_changed
EVT00040,DEC000102,related_item_or_supplier_changed
EVT00040,DEC000147,related_item_or_supplier_changed
EVT00040,DEC000151,related_item_or_supplier_changed
EVT00040,DEC000156,related_item_or_supplier_changed
EVT00040,DEC000190,related_item_or_supplier_changed
EVT00040,DEC000205,related_item_or_supplier_changed
EVT00040,DEC000218,related_item_or_supplier_changed
EVT00040,DEC000222,related_item_or_supplier_changed
EVT00040,DEC000252,related_item_or_supplier_changed
EVT00040,DEC000253,related_item_or_supplier_changed
EVT00007,DEC000019,related_item_or_supplier_changed
EVT00007,DEC000053,related_item_or_supplier_changed
EVT00007,DEC000087,related_item_or_supplier_changed
EVT00007,DEC000124,related_item_or_supplier_changed
EVT00007,DEC000182,related_item_or_supplier_changed
EVT00007,DEC000213,related_item_or_supplier_changed
EVT00007,DEC000240,related_item_or_supplier_changed
EVT00012,DEC000011,related_item_or_supplier_changed
EVT00012,DEC000040,related_item_or_supplier_changed
EVT00012,DEC000056,related_item_or_supplier_changed
EVT00012,DEC000064,related_item_or_supplier_changed
EVT00012,DEC000086,related_item_or_supplier_changed
EVT00012,DEC000104,related_item_or_supplier_changed
EVT00012,DEC000112,related_item_or_supplier_changed
EVT00012,DEC000142,related_item_or_supplier_changed
EVT00012,DEC000157,related_item_or_supplier_changed
EVT00012,DEC000172,related_item_or_supplier_changed
EVT00012,DEC000175,related_item_or_supplier_changed
EVT00012,DEC000199,related_item_or_supplier_changed
EVT00012,DEC000220,related_item_or_supplier_changed
EVT00012,DEC000227,related_item_or_supplier_changed
EVT00012,DEC000239,related_item_or_supplier_changed
EVT00017,DEC000012,related_item_or_supplier_changed
EVT00017,DEC000018,related_item_or_supplier_changed
EVT00017,DEC000024,related_item_or_supplier_changed
EVT00017,DEC000035,related_item_or_supplier_changed
EVT00017,DEC000046,related_item_or_supplier_changed
EVT00017,DEC000058,related_item_or_supplier_changed
EVT00017,DEC000059,related_item_or_supplier_changed
EVT00017,DEC000068,related_item_or_supplier_changed
EVT00017,DEC000070,related_item_or_supplier_changed
EVT00017,DEC000078,related_item_or_supplier_changed
EVT00017,DEC000089,related_item_or_supplier_changed
EVT00017,DEC000096,related_item_or_supplier_changed
EVT00017,DEC000108,related_item_or_supplier_changed
EVT00017,DEC000116,related_item_or_supplier_changed
EVT00017,DEC000117,related_item_or_supplier_changed
EVT00017,DEC000119,related_item_or_supplier_changed
EVT00017,DEC000134,related_item_or_supplier_changed
EVT00017,DEC000139,related_item_or_supplier_changed
EVT00017,DEC000145,related_item_or_supplier_changed
EVT00017,DEC000148,related_item_or_supplier_changed
EVT00017,DEC000160,related_item_or_supplier_changed
EVT00017,DEC000177,related_item_or_supplier_changed
EVT00017,DEC000180,related_item_or_supplier_changed
EVT00017,DEC000187,related_item_or_supplier_changed
EVT00017,DEC000188,related_item_or_supplier_changed
EVT00017,DEC000197,related_item_or_supplier_changed
EVT00017,DEC000209,related_item_or_supplier_changed
EVT00017,DEC000215,related_item_or_supplier_changed
EVT00017,DEC000226,related_item_or_supplier_changed
EVT00017,DEC000229,related_item_or_supplier_changed
EVT00017,DEC000230,related_item_or_supplier_changed
EVT00017,DEC000241,related_item_or_supplier_changed
EVT00017,DEC000247,related_item_or_supplier_changed
EVT00017,DEC000254,related_item_or_supplier_changed
EVT00017,DEC000261,related_item_or_supplier_changed
EVT00017,DEC000265,related_item_or_supplier_changed
EVT00017,DEC000279,related_item_or_supplier_changed
EVT00017,DEC000288,related_item_or_supplier_changed
EVT00017,DEC000295,related_item_or_supplier_changed
EVT00017,DEC000300,related_item_or_supplier_changed
EVT00017,DEC000301,related_item_or_supplier_changed
EVT00038,DEC000019,related_item_or_supplier_changed
EVT00038,DEC000048,related_item_or_supplier_changed
EVT00038,DEC000053,related_item_or_supplier_changed
EVT00038,DEC000087,related_item_or_supplier_changed
EVT00038,DEC000093,related_item_or_supplier_changed
EVT00038,DEC000124,related_item_or_supplier_changed
EVT00038,DEC000130,related_item_or_supplier_changed
EVT00038,DEC000181,related_item_or_supplier_changed
EVT00038,DEC000182,related_item_or_supplier_changed
EVT00038,DEC000212,related_item_or_supplier_changed
EVT00038,DEC000213,related_item_or_supplier_changed
EVT00038,DEC000240,related_item_or_supplier_changed
EVT00038,DEC000257,related_item_or_supplier_changed
EVT00038,DEC000292,related_item_or_supplier_changed
EVT00038,DEC000297,related_item_or_supplier_changed
EVT00037,DEC000012,related_item_or_supplier_changed
EVT00037,DEC000018,related_item_or_supplier_changed
EVT00037,DEC000024,related_item_or_supplier_changed
EVT00037,DEC000035,related_item_or_supplier_changed
EVT00037,DEC000046,related_item_or_supplier_changed
EVT00037,DEC000058,related_item_or_supplier_changed
EVT00037,DEC000059,related_item_or_supplier_changed
EVT00037,DEC000068,related_item_or_supplier_changed
EVT00037,DEC000070,related_item_or_supplier_changed
EVT00037,DEC000078,related_item_or_supplier_changed
EVT00037,DEC000089,related_item_or_supplier_changed
EVT00037,DEC000096,related_item_or_supplier_changed
EVT00037,DEC000108,related_item_or_supplier_changed
EVT00037,DEC000116,related_item_or_supplier_changed
EVT00037,DEC000117,related_item_or_supplier_changed
EVT00037,DEC000119,related_item_or_supplier_changed
EVT00037,DEC000134,related_item_or_supplier_changed
EVT00037,DEC000139,related_item_or_supplier_changed
EVT00037,DEC000145,related_item_or_supplier_changed
EVT00037,DEC000148,related_item_or_supplier_changed
EVT00037,DEC000160,related_item_or_supplier_changed
EVT00037,DEC000177,related_item_or_supplier_changed
EVT00037,DEC000180,related_item_or_supplier_changed
EVT00037,DEC000187,related_item_or_supplier_changed
EVT00037,DEC000188,related_item_or_supplier_changed
EVT00037,DEC000197,related_item_or_supplier_changed
EVT00037,DEC000209,related_item_or_supplier_changed
EVT00037,DEC000215,related_item_or_supplier_changed
EVT00037,DEC000226,related_item_or_supplier_changed
EVT00037,DEC000229,related_item_or_supplier_changed
EVT00037,DEC000230,related_item_or_supplier_changed
EVT00037,DEC000241,related_item_or_supplier_changed
EVT00037,DEC000247,related_item_or_supplier_changed
EVT00037,DEC000254,related_item_or_supplier_changed
EVT00037,DEC000261,related_item_or_supplier_changed
EVT00037,DEC000265,related_item_or_supplier_changed
EVT00037,DEC000279,related_item_or_supplier_changed
EVT00037,DEC000288,related_item_or_supplier_changed
EVT00037,DEC000295,related_item_or_supplier_changed
EVT00037,DEC000300,related_item_or_supplier_changed
EVT00037,DEC000301,related_item_or_supplier_changed
EVT00037,DEC000316,related_item_or_supplier_changed
EVT00037,DEC000322,related_item_or_supplier_changed
EVT00037,DEC000331,related_item_or_supplier_changed
EVT00014,DEC000012,related_item_or_supplier_changed
EVT00014,DEC000089,related_item_or_supplier_changed
EVT00014,DEC000134,related_item_or_supplier_changed
EVT00014,DEC000209,related_item_or_supplier_changed
EVT00014,DEC000261,related_item_or_supplier_changed
EVT00014,DEC000316,related_item_or_supplier_changed
EVT00016,DEC000002,related_item_or_supplier_changed
EVT00016,DEC000033,related_item_or_supplier_changed
EVT00016,DEC000075,related_item_or_supplier_changed
EVT00016,DEC000106,related_item_or_supplier_changed
EVT00016,DEC000152,related_item_or_supplier_changed
EVT00016,DEC000198,related_item_or_supplier_changed
EVT00016,DEC000243,related_item_or_supplier_changed
EVT00016,DEC000291,related_item_or_supplier_changed
EVT00016,DEC000333,related_item_or_supplier_changed
EVT00026,DEC000007,related_item_or_supplier_changed
EVT00026,DEC000042,related_item_or_supplier_changed
EVT00026,DEC000077,related_item_or_supplier_changed
EVT00026,DEC000121,related_item_or_supplier_changed
EVT00026,DEC000153,related_item_or_supplier_changed
EVT00026,DEC000185,related_item_or_supplier_changed
EVT00026,DEC000233,related_item_or_supplier_changed
EVT00026,DEC000278,related_item_or_supplier_changed
EVT00026,DEC000319,related_item_or_supplier_changed
EVT00026,DEC000360,related_item_or_supplier_changed
EVT00015,DEC000024,related_item_or_supplier_changed
EVT00015,DEC000078,related_item_or_supplier_changed
EVT00015,DEC000116,related_item_or_supplier_changed
EVT00015,DEC000160,related_item_or_supplier_changed
EVT00015,DEC000215,related_item_or_supplier_changed
EVT00015,DEC000254,related_item_or_supplier_changed
EVT00015,DEC000295,related_item_or_supplier_changed
EVT00015,DEC000345,related_item_or_supplier_changed
EVT00015,DEC000401,related_item_or_supplier_changed
EVT00041,DEC000051,related_item_or_supplier_changed
EVT00041,DEC000103,related_item_or_supplier_changed
EVT00041,DEC000162,related_item_or_supplier_changed
EVT00041,DEC000214,related_item_or_supplier_changed
EVT00041,DEC000284,related_item_or_supplier_changed
EVT00041,DEC000324,related_item_or_supplier_changed
EVT00041,DEC000381,related_item_or_supplier_changed
EVT00029,DEC000016,related_item_or_supplier_changed
EVT00029,DEC000065,related_item_or_supplier_changed
EVT00029,DEC000120,related_item_or_supplier_changed
EVT00029,DEC000168,related_item_or_supplier_changed
EVT00029,DEC000231,related_item_or_supplier_changed
EVT00029,DEC000281,related_item_or_supplier_changed
EVT00029,DEC000334,related_item_or_supplier_changed
EVT00029,DEC000390,related_item_or_supplier_changed
EVT00033,DEC000057,related_item_or_supplier_changed
EVT00033,DEC000110,related_item_or_supplier_changed
EVT00033,DEC000189,related_item_or_supplier_changed
EVT00033,DEC000232,related_item_or_supplier_changed
EVT00033,DEC000283,related_item_or_supplier_changed
EVT00033,DEC000335,related_item_or_supplier_changed
EVT00033,DEC000369,related_item_or_supplier_changed
EVT00033,DEC000419,related_item_or_supplier_changed
EVT00011,DEC000011,related_item_or_supplier_changed
EVT00011,DEC000040,related_item_or_supplier_changed
EVT00011,DEC000056,related_item_or_supplier_changed
EVT00011,DEC000064,related_item_or_supplier_changed
EVT00011,DEC000086,related_item_or_supplier_changed
EVT00011,DEC000104,related_item_or_supplier_changed
EVT00011,DEC000112,related_item_or_supplier_changed
EVT00011,DEC000142,related_item_or_supplier_changed
EVT00011,DEC000157,related_item_or_supplier_changed
EVT00011,DEC000172,related_item_or_supplier_changed
EVT00011,DEC000175,related_item_or_supplier_changed
EVT00011,DEC000199,related_item_or_supplier_changed
EVT00011,DEC000220,related_item_or_supplier_changed
EVT00011,DEC000227,related_item_or_supplier_changed
EVT00011,DEC000239,related_item_or_supplier_changed
EVT00011,DEC000268,related_item_or_supplier_changed
EVT00011,DEC000280,related_item_or_supplier_changed
EVT00011,DEC000286,related_item_or_supplier_changed
EVT00011,DEC000299,related_item_or_supplier_changed
EVT00011,DEC000328,related_item_or_supplier_changed
EVT00011,DEC000343,related_item_or_supplier_changed
EVT00011,DEC000351,related_item_or_supplier_changed
EVT00011,DEC000361,related_item_or_supplier_changed
EVT00011,DEC000394,related_item_or_supplier_changed
EVT00011,DEC000395,related_item_or_supplier_changed
EVT00011,DEC000412,related_item_or_supplier_changed
EVT00011,DEC000435,related_item_or_supplier_changed
EVT00011,DEC000439,related_item_or_supplier_changed
EVT00011,DEC000453,related_item_or_supplier_changed
EVT00001,DEC000012,related_item_or_supplier_changed
EVT00001,DEC000018,related_item_or_supplier_changed
EVT00001,DEC000024,related_item_or_supplier_changed
EVT00001,DEC000035,related_item_or_supplier_changed
EVT00001,DEC000046,related_item_or_supplier_changed
EVT00001,DEC000058,related_item_or_supplier_changed
EVT00001,DEC000059,related_item_or_supplier_changed
EVT00001,DEC000068,related_item_or_supplier_changed
EVT00001,DEC000070,related_item_or_supplier_changed
EVT00001,DEC000078,related_item_or_supplier_changed
EVT00001,DEC000089,related_item_or_supplier_changed
EVT00001,DEC000096,related_item_or_supplier_changed
EVT00001,DEC000108,related_item_or_supplier_changed
EVT00001,DEC000116,related_item_or_supplier_changed
EVT00001,DEC000117,related_item_or_supplier_changed
EVT00001,DEC000119,related_item_or_supplier_changed
EVT00001,DEC000134,related_item_or_supplier_changed
EVT00001,DEC000139,related_item_or_supplier_changed
EVT00001,DEC000145,related_item_or_supplier_changed
EVT00001,DEC000148,related_item_or_supplier_changed
EVT00001,DEC000160,related_item_or_supplier_changed
EVT00001,DEC000177,related_item_or_supplier_changed
EVT00001,DEC000180,related_item_or_supplier_changed
EVT00001,DEC000187,related_item_or_supplier_changed
EVT00001,DEC000188,related_item_or_supplier_changed
EVT00001,DEC000197,related_item_or_supplier_changed
EVT00001,DEC000209,related_item_or_supplier_changed
EVT00001,DEC000215,related_item_or_supplier_changed
EVT00001,DEC000226,related_item_or_supplier_changed
EVT00001,DEC000229,related_item_or_supplier_changed
EVT00001,DEC000230,related_item_or_supplier_changed
EVT00001,DEC000241,related_item_or_supplier_changed
EVT00001,DEC000247,related_item_or_supplier_changed
EVT00001,DEC000254,related_item_or_supplier_changed
EVT00001,DEC000261,related_item_or_supplier_changed
EVT00001,DEC000265,related_item_or_supplier_changed
EVT00001,DEC000279,related_item_or_supplier_changed
EVT00001,DEC000288,related_item_or_supplier_changed
EVT00001,DEC000295,related_item_or_supplier_changed
EVT00001,DEC000300,related_item_or_supplier_changed
EVT00001,DEC000301,related_item_or_supplier_changed
EVT00001,DEC000316,related_item_or_supplier_changed
EVT00001,DEC000322,related_item_or_supplier_changed
EVT00001,DEC000331,related_item_or_supplier_changed
EVT00001,DEC000345,related_item_or_supplier_changed
EVT00001,DEC000346,related_item_or_supplier_changed
EVT00001,DEC000350,related_item_or_supplier_changed
EVT00001,DEC000355,related_item_or_supplier_changed
EVT00001,DEC000370,related_item_or_supplier_changed
EVT00001,DEC000372,related_item_or_supplier_changed
EVT00001,DEC000393,related_item_or_supplier_changed
EVT00001,DEC000398,related_item_or_supplier_changed
EVT00001,DEC000401,related_item_or_supplier_changed
EVT00001,DEC000402,related_item_or_supplier_changed
EVT00001,DEC000403,related_item_or_supplier_changed
EVT00001,DEC000421,related_item_or_supplier_changed
EVT00001,DEC000424,related_item_or_supplier_changed
EVT00001,DEC000442,related_item_or_supplier_changed
EVT00001,DEC000450,related_item_or_supplier_changed
EVT00001,DEC000457,related_item_or_supplier_changed
EVT00001,DEC000458,related_item_or_supplier_changed
EVT00001,DEC000464,related_item_or_supplier_changed
EVT00001,DEC000467,related_item_or_supplier_changed
EVT00001,DEC000479,related_item_or_supplier_changed
EVT00008,DEC000046,related_item_or_supplier_changed
EVT00008,DEC000108,related_item_or_supplier_changed
EVT00008,DEC000145,related_item_or_supplier_changed
EVT00008,DEC000187,related_item_or_supplier_changed
EVT00008,DEC000226,related_item_or_supplier_changed
EVT00008,DEC000265,related_item_or_supplier_changed
EVT00008,DEC000322,related_item_or_supplier_changed
EVT00008,DEC000393,related_item_or_supplier_changed
EVT00008,DEC000442,related_item_or_supplier_changed
EVT00008,DEC000490,related_item_or_supplier_changed
EVT00003,DEC000002,related_item_or_supplier_changed
EVT00003,DEC000004,related_item_or_supplier_changed
EVT00003,DEC000005,related_item_or_supplier_changed
EVT00003,DEC000013,related_item_or_supplier_changed
EVT00003,DEC000015,related_item_or_supplier_changed
EVT00003,DEC000021,related_item_or_supplier_changed
EVT00003,DEC000025,related_item_or_supplier_changed
EVT00003,DEC000033,related_item_or_supplier_changed
EVT00003,DEC000037,related_item_or_supplier_changed
EVT00003,DEC000041,related_item_or_supplier_changed
EVT00003,DEC000055,related_item_or_supplier_changed
EVT00003,DEC000061,related_item_or_supplier_changed
EVT00003,DEC000063,related_item_or_supplier_changed
EVT00003,DEC000067,related_item_or_supplier_changed
EVT00003,DEC000074,related_item_or_supplier_changed
EVT00003,DEC000075,related_item_or_supplier_changed
EVT00003,DEC000091,related_item_or_supplier_changed
EVT00003,DEC000092,related_item_or_supplier_changed
EVT00003,DEC000095,related_item_or_supplier_changed
EVT00003,DEC000105,related_item_or_supplier_changed
EVT00003,DEC000106,related_item_or_supplier_changed
EVT00003,DEC000118,related_item_or_supplier_changed
EVT00003,DEC000125,related_item_or_supplier_changed
EVT00003,DEC000133,related_item_or_supplier_changed
EVT00003,DEC000136,related_item_or_supplier_changed
EVT00003,DEC000138,related_item_or_supplier_changed
EVT00003,DEC000152,related_item_or_supplier_changed
EVT00003,DEC000158,related_item_or_supplier_changed
EVT00003,DEC000163,related_item_or_supplier_changed
EVT00003,DEC000170,related_item_or_supplier_changed
EVT00003,DEC000173,related_item_or_supplier_changed
EVT00003,DEC000176,related_item_or_supplier_changed
EVT00003,DEC000179,related_item_or_supplier_changed
EVT00003,DEC000198,related_item_or_supplier_changed
EVT00003,DEC000201,related_item_or_supplier_changed
EVT00003,DEC000216,related_item_or_supplier_changed
EVT00003,DEC000217,related_item_or_supplier_changed
EVT00003,DEC000223,related_item_or_supplier_changed
EVT00003,DEC000228,related_item_or_supplier_changed
EVT00003,DEC000242,related_item_or_supplier_changed
EVT00003,DEC000243,related_item_or_supplier_changed
EVT00003,DEC000249,related_item_or_supplier_changed
EVT00003,DEC000258,related_item_or_supplier_changed
EVT00003,DEC000264,related_item_or_supplier_changed
EVT00003,DEC000269,related_item_or_supplier_changed
EVT00003,DEC000276,related_item_or_supplier_changed
EVT00003,DEC000291,related_item_or_supplier_changed
EVT00003,DEC000296,related_item_or_supplier_changed
EVT00003,DEC000302,related_item_or_supplier_changed
EVT00003,DEC000303,related_item_or_supplier_changed
EVT00003,DEC000310,related_item_or_supplier_changed
EVT00003,DEC000314,related_item_or_supplier_changed
EVT00003,DEC000333,related_item_or_supplier_changed
EVT00003,DEC000337,related_item_or_supplier_changed
EVT00003,DEC000339,related_item_or_supplier_changed
EVT00003,DEC000341,related_item_or_supplier_changed
EVT00003,DEC000348,related_item_or_supplier_changed
EVT00003,DEC000358,related_item_or_supplier_changed
EVT00003,DEC000362,related_item_or_supplier_changed
EVT00003,DEC000378,related_item_or_supplier_changed
EVT00003,DEC000383,related_item_or_supplier_changed
EVT00003,DEC000384,related_item_or_supplier_changed
EVT00003,DEC000385,related_item_or_supplier_changed
EVT00003,DEC000386,related_item_or_supplier_changed
EVT00003,DEC000400,related_item_or_supplier_changed
EVT00003,DEC000408,related_item_or_supplier_changed
EVT00003,DEC000425,related_item_or_supplier_changed
EVT00003,DEC000430,related_item_or_supplier_changed
EVT00003,DEC000431,related_item_or_supplier_changed
EVT00003,DEC000432,related_item_or_supplier_changed
EVT00003,DEC000443,related_item_or_supplier_changed
EVT00003,DEC000448,related_item_or_supplier_changed
EVT00003,DEC000449,related_item_or_supplier_changed
EVT00003,DEC000455,related_item_or_supplier_changed
EVT00003,DEC000472,related_item_or_supplier_changed
EVT00003,DEC000484,related_item_or_supplier_changed
EVT00003,DEC000485,related_item_or_supplier_changed
EVT00003,DEC000492,related_item_or_supplier_changed
EVT00003,DEC000495,related_item_or_supplier_changed
EVT00003,DEC000500,related_item_or_supplier_changed
EVT00025,DEC000016,related_item_or_supplier_changed
EVT00025,DEC000020,related_item_or_supplier_changed
EVT00025,DEC000031,related_item_or_supplier_changed
EVT00025,DEC000032,related_item_or_supplier_changed
EVT00025,DEC000057,related_item_or_supplier_changed
EVT00025,DEC000065,related_item_or_supplier_changed
EVT00025,DEC000069,related_item_or_supplier_changed
EVT00025,DEC000081,related_item_or_supplier_changed
EVT00025,DEC000110,related_item_or_supplier_changed
EVT00025,DEC000113,related_item_or_supplier_changed
EVT00025,DEC000120,related_item_or_supplier_changed
EVT00025,DEC000122,related_item_or_supplier_changed
EVT00025,DEC000141,related_item_or_supplier_changed
EVT00025,DEC000161,related_item_or_supplier_changed
EVT00025,DEC000168,related_item_or_supplier_changed
EVT00025,DEC000171,related_item_or_supplier_changed
EVT00025,DEC000189,related_item_or_supplier_changed
EVT00025,DEC000192,related_item_or_supplier_changed
EVT00025,DEC000210,related_item_or_supplier_changed
EVT00025,DEC000219,related_item_or_supplier_changed
EVT00025,DEC000231,related_item_or_supplier_changed
EVT00025,DEC000232,related_item_or_supplier_changed
EVT00025,DEC000255,related_item_or_supplier_changed
EVT00025,DEC000262,related_item_or_supplier_changed
EVT00025,DEC000267,related_item_or_supplier_changed
EVT00025,DEC000281,related_item_or_supplier_changed
EVT00025,DEC000283,related_item_or_supplier_changed
EVT00025,DEC000304,related_item_or_supplier_changed
EVT00025,DEC000311,related_item_or_supplier_changed
EVT00025,DEC000326,related_item_or_supplier_changed
EVT00025,DEC000334,related_item_or_supplier_changed
EVT00025,DEC000335,related_item_or_supplier_changed
EVT00025,DEC000352,related_item_or_supplier_changed
EVT00025,DEC000369,related_item_or_supplier_changed
EVT00025,DEC000371,related_item_or_supplier_changed
EVT00025,DEC000390,related_item_or_supplier_changed
EVT00025,DEC000404,related_item_or_supplier_changed
EVT00025,DEC000410,related_item_or_supplier_changed
EVT00025,DEC000419,related_item_or_supplier_changed
EVT00025,DEC000422,related_item_or_supplier_changed
EVT00025,DEC000446,related_item_or_supplier_changed
EVT00025,DEC000452,related_item_or_supplier_changed
EVT00025,DEC000456,related_item_or_supplier_changed
EVT00025,DEC000475,related_item_or_supplier_changed
EVT00025,DEC000493,related_item_or_supplier_changed
EVT00025,DEC000497,related_item_or_supplier_changed
EVT00025,DEC000499,related_item_or_supplier_changed
EVT00025,DEC000501,related_item_or_supplier_changed
EVT00028,DEC000011,related_item_or_supplier_changed
EVT00028,DEC000086,related_item_or_supplier_changed
EVT00028,DEC000142,related_item_or_supplier_changed
EVT00028,DEC000199,related_item_or_supplier_changed
EVT00028,DEC000268,related_item_or_supplier_changed
EVT00028,DEC000328,related_item_or_supplier_changed
EVT00028,DEC000395,related_item_or_supplier_changed
EVT00028,DEC000453,related_item_or_supplier_changed
EVT00028,DEC000491,related_item_or_supplier_changed
EVT00004,DEC000036,related_item_or_supplier_changed
EVT00004,DEC000079,related_item_or_supplier_changed
EVT00004,DEC000129,related_item_or_supplier_changed
EVT00004,DEC000178,related_item_or_supplier_changed
EVT00004,DEC000236,related_item_or_supplier_changed
EVT00004,DEC000275,related_item_or_supplier_changed
EVT00004,DEC000313,related_item_or_supplier_changed
EVT00004,DEC000359,related_item_or_supplier_changed
EVT00004,DEC000382,related_item_or_supplier_changed
EVT00004,DEC000428,related_item_or_supplier_changed
EVT00004,DEC000465,related_item_or_supplier_changed
EVT00004,DEC000514,related_item_or_supplier_changed
EVT00010,DEC000015,related_item_or_supplier_changed
EVT00010,DEC000061,related_item_or_supplier_changed
EVT00010,DEC000105,related_item_or_supplier_changed
EVT00010,DEC000158,related_item_or_supplier_changed
EVT00010,DEC000201,related_item_or_supplier_changed
EVT00010,DEC000276,related_item_or_supplier_changed
EVT00010,DEC000337,related_item_or_supplier_changed
EVT00010,DEC000385,related_item_or_supplier_changed
EVT00010,DEC000432,related_item_or_supplier_changed
EVT00010,DEC000500,related_item_or_supplier_changed
EVT00010,DEC000532,related_item_or_supplier_changed
