id,decision_id,cancellation_fee_pct,reversible_until_date,linked_commitment_id
COM000001,DEC000001,0.237,2025-04-16,
COM000002,DEC000002,0.091,2025-04-14,
COM000003,DEC000003,0.077,2025-04-16,COM000001
COM000004,DEC000004,0.038,2025-04-15,
COM000005,DEC000005,0.126,2025-04-15,
COM000006,DEC000006,0.186,2025-04-17,
COM000007,DEC000007,0.222,2025-04-20,
COM000008,DEC000008,0.07,2025-04-20,
COM000009,DEC000009,0.182,2025-04-20,
COM000010,DEC000010,0.097,2025-04-13,
COM000011,DEC000011,0.13,2025-04-15,
COM000012,DEC000012,0.093,2025-04-18,
COM000013,DEC000013,0.202,2025-04-22,
COM000014,DEC000014,0.092,2025-04-17,
COM000015,DEC000015,0.249,2025-04-23,
COM000016,DEC000016,0.126,2025-04-20,
COM000017,DEC000017,0.04,2025-04-17,
COM000018,DEC000018,0.098,2025-04-21,
COM000019,DEC000019,0.246,2025-04-26,
COM000020,DEC000020,0.165,2025-04-21,
COM000021,DEC000021,0.228,2025-04-24,COM000015
COM000022,DEC000022,0.212,2025-04-26,
COM000023,DEC000023,0.17,2025-04-19,
COM000024,DEC000024,0.148,2025-04-23,COM000018
COM000025,DEC000025,0.23,2025-04-27,
COM000026,DEC000026,0.065,2025-04-30,
COM000027,DEC000027,0.008,2025-04-30,COM000026
COM000028,DEC000028,0.091,2025-04-24,COM000014
COM000029,DEC000029,0.073,2025-04-24,
COM000030,DEC000030,0.177,2025-05-02,
COM000031,DEC000031,0.104,2025-04-27,
COM000032,DEC000032,0.051,2025-04-27,COM000031
COM000033,DEC000033,0.223,2025-04-30,
COM000034,DEC000034,0.018,2025-04-25,
COM000035,DEC000035,0.158,2025-04-27,
COM000036,DEC000036,0.041,2025-05-02,
COM000037,DEC000037,0.019,2025-05-01,
COM000038,DEC000038,0.069,2025-04-25,
COM000039,DEC000039,0.136,2025-05-03,
COM000040,DEC000040,0.21,2025-04-26,
COM000041,DEC000041,0.207,2025-05-02,
COM000042,DEC000042,0.068,2025-05-04,
COM000043,DEC000043,0.222,2025-05-04,
COM000044,DEC000044,0.215,2025-05-05,
COM000045,DEC000045,0.183,2025-05-04,COM000036
COM000046,DEC000046,0.14,2025-04-30,
COM000047,DEC000047,0.149,2025-04-29,COM000034
COM000048,DEC000048,0.011,2025-05-06,COM000019
COM000049,DEC000049,0.195,2025-05-05,COM000045
COM000050,DEC000050,0.09,2025-04-29,
COM000051,DEC000051,0.116,2025-04-29,COM000050
COM000052,DEC000052,0.121,2025-04-29,
COM000053,DEC000053,0.123,2025-05-08,COM000048
COM000054,DEC000054,0.204,2025-04-30,
COM000055,DEC000055,0.201,2025-05-06,
COM000056,DEC000056,0.027,2025-04-30,
COM000057,DEC000057,0.088,2025-05-04,
COM000058,DEC000058,0.184,2025-05-04,
COM000059,DEC000059,0.066,2025-05-04,
COM000060,DEC000060,0.094,2025-05-11,
COM000061,DEC000061,0.05,2025-05-10,
COM000062,DEC000062,0.06,2025-05-04,COM000054
COM000063,DEC000063,0.153,2025-05-10,
COM000064,DEC000064,0.091,2025-05-05,COM000056
COM000065,DEC000065,0.123,2025-05-08,
COM000066,DEC000066,0.216,2025-05-05,
COM000067,DEC000067,0.217,2025-05-13,COM000063
COM000068,DEC000068,0.072,2025-05-10,
COM000069,DEC000069,0.009,2025-05-10,
COM000070,DEC000070,0.155,2025-05-10,
COM000071,DEC000071,0.245,2025-05-16,
COM000072,DEC000072,0.099,2025-05-08,
COM000073,DEC000073,0.003,2025-05-16,
COM000074,DEC000074,0.069,2025-05-15,COM000067
COM000075,DEC000075,0.006,2025-05-15,
COM000076,DEC000076,0.218,2025-05-17,
COM000077,DEC000077,0.212,2025-05-17,
COM000078,DEC000078,0.211,2025-05-12,
COM000079,DEC000079,0.122,2025-05-17,
COM000080,DEC000080,0.16,2025-05-10,
COM000081,DEC000081,0.065,2025-05-13,
COM000082,DEC000082,0.042,2025-05-10,
COM000083,DEC000083,0.111,2025-05-17,
COM000084,DEC000084,0.107,2025-05-11,
COM000085,DEC000085,0.044,2025-05-18,
COM000086,DEC000086,0.072,2025-05-11,
COM000087,DEC000087,0.115,2025-05-20,
COM000088,DEC000088,0.108,2025-05-20,
COM000089,DEC000089,0.237,2025-05-15,
COM000090,DEC000090,0.247,2025-05-13,
COM000091,DEC000091,0.013,2025-05-19,
COM000092,DEC000092,0.097,2025-05-20,COM000091
COM000093,DEC000093,0.134,2025-05-22,
COM000094,DEC000094,0.143,2025-05-15,
COM000095,DEC000095,0.158,2025-05-20,
COM000096,DEC000096,0.164,2025-05-17,COM000089
COM000097,DEC000097,0.035,2025-05-16,
COM000098,DEC000098,0.202,2025-05-23,
COM000099,DEC000099,0.157,2025-05-23,
COM000100,DEC000100,0.174,2025-05-24,
COM000101,DEC000101,0.149,2025-05-18,
COM000102,DEC000102,0.219,2025-05-19,
COM000103,DEC000103,0.173,2025-05-18,
COM000104,DEC000104,0.121,2025-05-19,COM000086
COM000105,DEC000105,0.222,2025-05-25,COM000095
COM000106,DEC000106,0.014,2025-05-25,
COM000107,DEC000107,0.112,2025-05-19,
COM000108,DEC000108,0.059,2025-05-22,
COM000109,DEC000109,0.212,2025-05-28,
COM000110,DEC000110,0.248,2025-05-23,
COM000111,DEC000111,0.138,2025-05-20,
COM000112,DEC000112,0.08,2025-05-20,COM000104
COM000113,DEC000113,0.195,2025-05-24,COM000110
COM000114,DEC000114,0.083,2025-05-29,
COM000115,DEC000115,0.089,2025-05-29,COM000114
COM000116,DEC000116,0.081,2025-05-24,COM000108
COM000117,DEC000117,0.225,2025-05-24,
COM000118,DEC000118,0.24,2025-05-28,
COM000119,DEC000119,0.068,2025-05-25,
COM000120,DEC000120,0.145,2025-05-25,
COM000121,DEC000121,0.172,2025-05-30,COM000115
COM000122,DEC000122,0.205,2025-05-25,
COM000123,DEC000123,0.015,2025-05-30,
COM000124,DEC000124,0.133,2025-06-01,
COM000125,DEC000125,0.108,2025-05-30,
COM000126,DEC000126,0.173,2025-06-01,
COM000127,DEC000127,0.175,2025-06-01,COM000126
COM000128,DEC000128,0.108,2025-06-02,
COM000129,DEC000129,0.223,2025-06-02,COM000127
COM000130,DEC000130,0.169,2025-06-03,COM000124
COM000131,DEC000131,0.143,2025-05-26,COM000111
COM000132,DEC000132,0.056,2025-05-27,
COM000133,DEC000133,0.024,2025-06-02,COM000125
COM000134,DEC000134,0.101,2025-05-30,
COM000135,DEC000135,0.024,2025-05-27,
COM000136,DEC000136,0.005,2025-06-03,
COM000137,DEC000137,0.021,2025-05-28,
COM000138,DEC000138,0.149,2025-06-03,
COM000139,DEC000139,0.059,2025-05-31,
COM000140,DEC000140,0.052,2025-05-29,
COM000141,DEC000141,0.159,2025-06-01,COM000122
COM000142,DEC000142,0.073,2025-05-29,
COM000143,DEC000143,0.037,2025-06-06,
COM000144,DEC000144,0.116,2025-06-06,
COM000145,DEC000145,0.101,2025-06-02,
COM000146,DEC000146,0.216,2025-05-31,
COM000147,DEC000147,0.205,2025-06-01,
COM000148,DEC000148,0.075,2025-06-03,
COM000149,DEC000149,0.173,2025-06-10,
COM000150,DEC000150,0.039,2025-06-10,
COM000151,DEC000151,0.015,2025-06-03,
COM000152,DEC000152,0.026,2025-06-09,
COM000153,DEC000153,0.145,2025-06-11,COM000150
COM000154,DEC000154,0.058,2025-06-11,
COM000155,DEC000155,0.048,2025-06-03,
COM000156,DEC000156,0.169,2025-06-05,
COM000157,DEC000157,0.083,2025-06-04,
COM000158,DEC000158,0.152,2025-06-10,
COM000159,DEC000159,0.094,2025-06-11,
COM000160,DEC000160,0.008,2025-06-09,COM000148
COM000161,DEC000161,0.087,2025-06-10,COM000141
COM000162,DEC000162,0.235,2025-06-07,COM000140
COM000163,DEC000163,0.068,2025-06-14,
COM000164,DEC000164,0.061,2025-06-15,
COM000165,DEC000165,0.081,2025-06-08,
COM000166,DEC000166,0.001,2025-06-16,
COM000167,DEC000167,0.087,2025-06-16,
COM000168,DEC000168,0.033,2025-06-12,
COM000169,DEC000169,0.114,2025-06-09,
COM000170,DEC000170,0.167,2025-06-15,
COM000171,DEC000171,0.006,2025-06-12,
COM000172,DEC000172,0.192,2025-06-10,
COM000173,DEC000173,0.085,2025-06-16,
COM000174,DEC000174,0.165,2025-06-18,COM000166
COM000175,DEC000175,0.223,2025-06-10,
COM000176,DEC000176,0.113,2025-06-16,
COM000177,DEC000177,0.172,2025-06-13,
COM000178,DEC000178,0.176,2025-06-18,
COM000179,DEC000179,0.239,2025-06-17,
COM000180,DEC000180,0.172,2025-06-14,
COM000181,DEC000181,0.052,2025-06-19,
COM000182,DEC000182,0.205,2025-06-19,
COM000183,DEC000183,0.113,2025-06-20,
COM000184,DEC000184,0.198,2025-06-22,
COM000185,DEC000185,0.143,2025-06-22,
COM000186,DEC000186,0.215,2025-06-22,
COM000187,DEC000187,0.029,2025-06-17,
COM000188,DEC000188,0.209,2025-06-18,COM000187
COM000189,DEC000189,0.125,2025-06-19,
COM000190,DEC000190,0.15,2025-06-17,
COM000191,DEC000191,0.131,2025-06-16,COM000169
COM000192,DEC000192,0.075,2025-06-20,
COM000193,DEC000193,0.199,2025-06-25,
COM000194,DEC000194,0.122,2025-06-17,
COM000195,DEC000195,0.077,2025-06-17,COM000194
COM000196,DEC000196,0.231,2025-06-25,
COM000197,DEC000197,0.101,2025-06-21,COM000188
COM000198,DEC000198,0.198,2025-06-25,
COM000199,DEC000199,0.128,2025-06-19,
COM000200,DEC000200,0.239,2025-06-20,
COM000201,DEC000201,0.237,2025-06-26,
COM000202,DEC000202,0.084,2025-06-28,
COM000203,DEC000203,0.122,2025-06-27,COM000196
COM000204,DEC000204,0.24,2025-06-21,COM000155
COM000205,DEC000205,0.154,2025-06-22,
COM000206,DEC000206,0.235,2025-06-22,
COM000207,DEC000207,0.056,2025-06-29,
COM000208,DEC000208,0.198,2025-06-30,
COM000209,DEC000209,0.089,2025-06-25,
COM000210,DEC000210,0.249,2025-06-26,COM000192
COM000211,DEC000211,0.232,2025-06-23,
COM000212,DEC000212,0.042,2025-07-02,
COM000213,DEC000213,0.242,2025-07-02,
COM000214,DEC000214,0.003,2025-06-24,
COM000215,DEC000215,0.165,2025-06-27,
COM000216,DEC000216,0.148,2025-07-01,
COM000217,DEC000217,0.123,2025-07-01,
COM000218,DEC000218,0.163,2025-06-26,COM000205
COM000219,DEC000219,0.136,2025-06-28,COM000210
COM000220,DEC000220,0.174,2025-06-25,
COM000221,DEC000221,0.067,2025-07-03,
COM000222,DEC000222,0.1,2025-06-26,
COM000223,DEC000223,0.136,2025-07-01,
COM000224,DEC000224,0.064,2025-07-03,
COM000225,DEC000225,0.173,2025-07-04,
COM000226,DEC000226,0.243,2025-06-29,
COM000227,DEC000227,0.165,2025-06-27,COM000220
COM000228,DEC000228,0.192,2025-07-03,
COM000229,DEC000229,0.065,2025-06-30,
COM000230,DEC000230,0.071,2025-07-01,
COM000231,DEC000231,0.101,2025-07-01,
COM000232,DEC000232,0.16,2025-07-01,
COM000233,DEC000233,0.089,2025-07-06,
COM000234,DEC000234,0.023,2025-06-29,
COM000235,DEC000235,0.215,2025-06-29,
COM000236,DEC000236,0.22,2025-07-08,
COM000237,DEC000237,0.21,2025-07-08,
COM000238,DEC000238,0.168,2025-07-01,
COM000239,DEC000239,0.203,2025-07-01,
COM000240,DEC000240,0.194,2025-07-10,
COM000241,DEC000241,0.165,2025-07-05,
COM000242,DEC000242,0.158,2025-07-09,
COM000243,DEC000243,0.035,2025-07-09,
COM000244,DEC000244,0.187,2025-07-03,
COM000245,DEC000245,0.245,2025-07-04,
COM000246,DEC000246,0.065,2025-07-12,
COM000247,DEC000247,0.094,2025-07-07,
COM000248,DEC000248,0.194,2025-07-12,
COM000249,DEC000249,0.216,2025-07-11,
COM000250,DEC000250,0.17,2025-07-12,
COM000251,DEC000251,0.147,2025-07-13,
COM000252,DEC000252,0.228,2025-07-06,
COM000253,DEC000253,0.094,2025-07-06,
COM000254,DEC000254,0.154,2025-07-09,
COM000255,DEC000255,0.008,2025-07-10,
COM000256,DEC000256,0.095,2025-07-15,
COM000257,DEC000257,0.188,2025-07-16,
COM000258,DEC000258,0.214,2025-07-15,
COM000259,DEC000259,0.054,2025-07-18,
COM000260,DEC000260,0.014,2025-07-10,COM000245
COM000261,DEC000261,0.249,2025-07-13,
COM000262,DEC000262,0.162,2025-07-13,
COM000263,DEC000263,0.208,2025-07-19,
COM000264,DEC000264,0.039,2025-07-17,COM000258
COM000265,DEC000265,0.037,2025-07-14,
COM000266,DEC000266,0.171,2025-07-12,
COM000267,DEC000267,0.012,2025-07-15,
COM000268,DEC000268,0.173,2025-07-12,
COM000269,DEC000269,0.24,2025-07-18,
COM000270,DEC000270,0.162,2025-07-19,
COM000271,DEC000271,0.001,2025-07-13,
COM000272,DEC000272,0.111,2025-07-21,
COM000273,DEC000273,0.204,2025-07-15,COM000253
COM000274,DEC000274,0.047,2025-07-15,
COM000275,DEC000275,0.1,2025-07-22,
COM000276,DEC000276,0.172,2025-07-21,
COM000277,DEC000277,0.107,2025-07-15,COM000260
COM000278,DEC000278,0.154,2025-07-23,
COM000279,DEC000279,0.019,2025-07-18,
COM000280,DEC000280,0.032,2025-07-16,
COM000281,DEC000281,0.222,2025-07-19,
COM000282,DEC000282,0.096,2025-07-16,
COM000283,DEC000283,0.081,2025-07-19,
COM000284,DEC000284,0.042,2025-07-16,
COM000285,DEC000285,0.165,2025-07-24,COM000278
COM000286,DEC000286,0.028,2025-07-17,
COM000287,DEC000287,0.041,2025-07-19,
COM000288,DEC000288,0.03,2025-07-22,
COM000289,DEC000289,0.239,2025-07-27,
COM000290,DEC000290,0.205,2025-07-27,
COM000291,DEC000291,0.003,2025-07-26,
COM000292,DEC000292,0.186,2025-07-28,COM000257
COM000293,DEC000293,0.168,2025-07-20,
COM000294,DEC000294,0.12,2025-07-20,
COM000295,DEC000295,0.101,2025-07-23,
COM000296,DEC000296,0.115,2025-07-27,
COM000297,DEC000297,0.097,2025-07-29,
COM000298,DEC000298,0.001,2025-07-29,
COM000299,DEC000299,0.017,2025-07-21,
COM000300,DEC000300,0.197,2025-07-24,COM000295
COM000301,DEC000301,0.239,2025-07-25,
COM000302,DEC000302,0.077,2025-07-29,
COM000303,DEC000303,0.189,2025-07-29,
COM000304,DEC000304,0.219,2025-07-26,
COM000305,DEC000305,0.024,2025-07-31,
COM000306,DEC000306,0.071,2025-07-25,
COM000307,DEC000307,0.015,2025-08-02,
COM000308,DEC000308,0.219,2025-07-26,
COM000309,DEC000309,0.018,2025-08-02,COM000290
COM000310,DEC000310,0.019,2025-08-01,COM000303
COM000311,DEC000311,0.099,2025-07-30,
COM000312,DEC000312,0.033,2025-08-04,
COM000313,DEC000313,0.117,2025-08-05,
COM000314,DEC000314,0.06,2025-08-04,
COM000315,DEC000315,0.073,2025-07-29,
COM000316,DEC000316,0.008,2025-08-01,COM000301
COM000317,DEC000317,0.045,2025-08-06,
COM000318,DEC000318,0.06,2025-08-07,
COM000319,DEC000319,0.063,2025-08-07,COM000318
COM000320,DEC000320,0.015,2025-08-07,
COM000321,DEC000321,0.17,2025-08-01,
COM000322,DEC000322,0.051,2025-08-03,COM000316
COM000323,DEC000323,0.159,2025-08-09,
COM000324,DEC000324,0.224,2025-08-01,
COM000325,DEC000325,0.012,2025-08-01,
COM000326,DEC000326,0.22,2025-08-05,COM000311
COM000327,DEC000327,0.123,2025-08-10,
COM000328,DEC000328,0.034,2025-08-02,COM000299
COM000329,DEC000329,0.184,2025-08-03,
COM000330,DEC000330,0.01,2025-08-02,
COM000331,DEC000331,0.111,2025-08-05,
COM000332,DEC000332,0.077,2025-08-11,
COM000333,DEC000333,0.159,2025-08-10,
COM000334,DEC000334,0.195,2025-08-07,
COM000335,DEC000335,0.189,2025-08-07,
COM000336,DEC000336,0.003,2025-08-12,
COM000337,DEC000337,0.182,2025-08-11,COM000333
COM000338,DEC000338,0.039,2025-08-13,COM000323
COM000339,DEC000339,0.064,2025-08-12,
COM000340,DEC000340,0.012,2025-08-06,
COM000341,DEC000341,0.199,2025-08-12,
COM000342,DEC000342,0.101,2025-08-06,
COM000343,DEC000343,0.227,2025-08-07,
COM000344,DEC000344,0.022,2025-08-15,
COM000345,DEC000345,0.128,2025-08-10,
COM000346,DEC000346,0.083,2025-08-10,COM000345
COM000347,DEC000347,0.1,2025-08-08,
COM000348,DEC000348,0.195,2025-08-14,
COM000349,DEC000349,0.099,2025-08-08,
COM000350,DEC000350,0.176,2025-08-11,
COM000351,DEC000351,0.24,2025-08-09,
COM000352,DEC000352,0.121,2025-08-12,
COM000353,DEC000353,0.011,2025-08-10,
COM000354,DEC000354,0.186,2025-08-16,
COM000355,DEC000355,0.211,2025-08-13,
COM000356,DEC000356,0.136,2025-08-10,
COM000357,DEC000357,0.138,2025-08-19,COM000344
COM000358,DEC000358,0.195,2025-08-17,
COM000359,DEC000359,0.204,2025-08-19,
COM000360,DEC000360,0.151,2025-08-20,
COM000361,DEC000361,0.06,2025-08-12,COM000351
COM000362,DEC000362,0.189,2025-08-18,
COM000363,DEC000363,0.086,2025-08-20,
COM000364,DEC000364,0.185,2025-08-14,
COM000365,DEC000365,0.087,2025-08-21,
COM000366,DEC000366,0.052,2025-08-23,COM000332
COM000367,DEC000367,0.17,2025-08-22,
COM000368,DEC000368,0.191,2025-08-23,
COM000369,DEC000369,0.077,2025-08-18,
COM000370,DEC000370,0.142,2025-08-18,
COM000371,DEC000371,0.03,2025-08-18,
COM000372,DEC000372,0.06,2025-08-18,COM000370
COM000373,DEC000373,0.078,2025-08-17,
COM000374,DEC000374,0.12,2025-08-26,COM000365
COM000375,DEC000375,0.144,2025-08-27,
COM000376,DEC000376,0.165,2025-08-20,
COM000377,DEC000377,0.134,2025-08-27,
COM000378,DEC000378,0.132,2025-08-26,
COM000379,DEC000379,0.112,2025-08-28,COM000377
COM000380,DEC000380,0.142,2025-08-20,COM000373
COM000381,DEC000381,0.075,2025-08-20,
COM000382,DEC000382,0.025,2025-08-28,
COM000383,DEC000383,0.168,2025-08-27,
COM000384,DEC000384,0.214,2025-08-27,
COM000385,DEC000385,0.039,2025-08-27,
COM000386,DEC000386,0.222,2025-08-27,
COM000387,DEC000387,0.194,2025-08-21,
COM000388,DEC000388,0.001,2025-08-29,COM000379
COM000389,DEC000389,0.071,2025-08-29,
COM000390,DEC000390,0.099,2025-08-25,
COM000391,DEC000391,0.226,2025-08-23,
COM000392,DEC000392,0.011,2025-08-22,
COM000393,DEC000393,0.216,2025-08-25,
COM000394,DEC000394,0.185,2025-08-23,COM000361
COM000395,DEC000395,0.169,2025-08-23,
COM000396,DEC000396,0.075,2025-09-01,
COM000397,DEC000397,0.224,2025-09-01,
COM000398,DEC000398,0.199,2025-08-28,
COM000399,DEC000399,0.012,2025-09-02,
COM000400,DEC000400,0.157,2025-09-01,
COM000401,DEC000401,0.068,2025-08-29,
COM000402,DEC000402,0.131,2025-08-29,
COM000403,DEC000403,0.147,2025-08-30,
COM000404,DEC000404,0.022,2025-08-30,
COM000405,DEC000405,0.125,2025-08-27,COM000387
COM000406,DEC000406,0.057,2025-08-27,COM000405
COM000407,DEC000407,0.06,2025-09-05,COM000368
COM000408,DEC000408,0.052,2025-09-03,COM000400
COM000409,DEC000409,0.246,2025-08-29,
COM000410,DEC000410,0.129,2025-09-01,
COM000411,DEC000411,0.202,2025-09-06,
COM000412,DEC000412,0.102,2025-08-30,
COM000413,DEC000413,0.1,2025-08-30,
COM000414,DEC000414,0.245,2025-08-31,
COM000415,DEC000415,0.118,2025-09-07,
COM000416,DEC000416,0.064,2025-09-09,
COM000417,DEC000417,0.127,2025-09-09,
COM000418,DEC000418,0.078,2025-09-02,COM000406
COM000419,DEC000419,0.018,2025-09-05,
COM000420,DEC000420,0.088,2025-09-10,
COM000421,DEC000421,0.157,2025-09-05,
COM000422,DEC000422,0.036,2025-09-05,
COM000423,DEC000423,0.046,2025-09-03,COM000414
COM000424,DEC000424,0.037,2025-09-05,
COM000425,DEC000425,0.195,2025-09-09,
COM000426,DEC000426,0.231,2025-09-04,
COM000427,DEC000427,0.172,2025-09-11,
COM000428,DEC000428,0.057,2025-09-11,
COM000429,DEC000429,0.175,2025-09-11,
COM000430,DEC000430,0.166,2025-09-10,COM000425
COM000431,DEC000431,0.105,2025-09-11,COM000430
COM000432,DEC000432,0.065,2025-09-11,
COM000433,DEC000433,0.145,2025-09-13,COM000427
COM000434,DEC000434,0.065,2025-09-13,
COM000435,DEC000435,0.158,2025-09-05,
COM000436,DEC000436,0.039,2025-09-14,
COM000437,DEC000437,0.192,2025-09-06,
COM000438,DEC000438,0.129,2025-09-14,
COM000439,DEC000439,0.036,2025-09-07,COM000435
COM000440,DEC000440,0.074,2025-09-15,COM000411
COM000441,DEC000441,0.242,2025-09-07,
COM000442,DEC000442,0.103,2025-09-10,
COM000443,DEC000443,0.158,2025-09-14,
COM000444,DEC000444,0.102,2025-09-08,
COM000445,DEC000445,0.178,2025-09-17,
COM000446,DEC000446,0.055,2025-09-12,COM000422
COM000447,DEC000447,0.18,2025-09-09,
COM000448,DEC000448,0.19,2025-09-16,
COM000449,DEC000449,0.053,2025-09-16,COM000448
COM000450,DEC000450,0.131,2025-09-13,
COM000451,DEC000451,0.237,2025-09-10,
COM000452,DEC000452,0.063,2025-09-14,COM000446
COM000453,DEC000453,0.122,2025-09-11,COM000439
COM000454,DEC000454,0.034,2025-09-12,
COM000455,DEC000455,0.207,2025-09-18,COM000449
COM000456,DEC000456,0.188,2025-09-15,
COM000457,DEC000457,0.075,2025-09-15,
COM000458,DEC000458,0.077,2025-09-15,
COM000459,DEC000459,0.223,2025-09-21,
COM000460,DEC000460,0.04,2025-09-20,
COM000461,DEC000461,0.239,2025-09-23,
COM000462,DEC000462,0.213,2025-09-16,
COM000463,DEC000463,0.186,2025-09-24,
COM000464,DEC000464,0.065,2025-09-19,COM000458
COM000465,DEC000465,0.088,2025-09-24,
COM000466,DEC000466,0.132,2025-09-24,
COM000467,DEC000467,0.178,2025-09-20,
COM000468,DEC000468,0.02,2025-09-25,
COM000469,DEC000469,0.176,2025-09-17,
COM000470,DEC000470,0.205,2025-09-18,
COM000471,DEC000471,0.081,2025-09-18,
COM000472,DEC000472,0.034,2025-09-24,
COM000473,DEC000473,0.069,2025-09-18,COM000471
COM000474,DEC000474,0.219,2025-09-19,
COM000475,DEC000475,0.065,2025-09-21,
COM000476,DEC000476,0.018,2025-09-27,
COM000477,DEC000477,0.124,2025-09-27,
COM000478,DEC000478,0.047,2025-09-20,
COM000479,DEC000479,0.164,2025-09-22,
COM000480,DEC000480,0.172,2025-09-28,COM000445
COM000481,DEC000481,0.085,2025-09-27,
COM000482,DEC000482,0.109,2025-09-28,COM000480
COM000483,DEC000483,0.218,2025-09-21,
COM000484,DEC000484,0.16,2025-09-27,
COM000485,DEC000485,0.158,2025-09-28,
COM000486,DEC000486,0.183,2025-09-30,COM000477
COM000487,DEC000487,0.082,2025-09-24,
COM000488,DEC000488,0.204,2025-09-23,
COM000489,DEC000489,0.013,2025-09-30,
COM000490,DEC000490,0.115,2025-09-27,
COM000491,DEC000491,0.013,2025-09-25,
COM000492,DEC000492,0.223,2025-10-02,
COM000493,DEC000493,0.248,2025-09-29,
COM000494,DEC000494,0.23,2025-10-04,
COM000495,DEC000495,0.186,2025-10-03,
COM000496,DEC000496,0.038,2025-10-05,
COM000497,DEC000497,0.112,2025-09-30,
COM000498,DEC000498,0.028,2025-10-05,
COM000499,DEC000499,0.018,2025-09-30,
COM000500,DEC000500,0.239,2025-10-03,COM000495
COM000501,DEC000501,0.037,2025-09-30,
COM000502,DEC000502,0.196,2025-10-05,
COM000503,DEC000503,0.093,2025-09-27,
COM000504,DEC000504,0.057,2025-09-30,
COM000505,DEC000505,0.174,2025-09-27,
COM000506,DEC000506,0.121,2025-09-30,COM000504
COM000507,DEC000507,0.073,2025-10-06,
COM000508,DEC000508,0.045,2025-10-01,
COM000509,DEC000509,0.146,2025-10-04,
COM000510,DEC000510,0.236,2025-10-01,
COM000511,DEC000511,0.012,2025-10-06,
COM000512,DEC000512,0.001,2025-10-05,
COM000513,DEC000513,0.228,2025-09-29,
COM000514,DEC000514,0.034,2025-10-07,COM000511
COM000515,DEC000515,0.191,2025-10-08,
COM000516,DEC000516,0.221,2025-09-30,
COM000517,DEC000517,0.124,2025-10-03,
COM000518,DEC000518,0.238,2025-10-08,
COM000519,DEC000519,0.084,2025-10-09,COM000498
COM000520,DEC000520,0.23,2025-10-10,
COM000521,DEC000521,0.031,2025-10-10,
COM000522,DEC000522,0.183,2025-10-03,COM000491
COM000523,DEC000523,0.096,2025-10-04,
COM000524,DEC000524,0.107,2025-10-04,
COM000525,DEC000525,0.058,2025-10-10,COM000512
COM000526,DEC000526,0.221,2025-10-11,COM000518
COM000527,DEC000527,0.164,2025-10-04,
COM000528,DEC000528,0.218,2025-10-11,
COM000529,DEC000529,0.08,2025-10-05,
COM000530,DEC000530,0.031,2025-10-08,COM000510
COM000531,DEC000531,0.146,2025-10-06,COM000524
COM000532,DEC000532,0.176,2025-10-12,
COM000533,DEC000533,0.011,2025-10-07,
COM000534,DEC000534,0.005,2025-10-09,
COM000535,DEC000535,0.054,2025-10-14,
COM000536,DEC000536,0.121,2025-10-15,COM000519
COM000537,DEC000537,0.233,2025-10-15,
COM000538,DEC000538,0.092,2025-10-07,
COM000539,DEC000539,0.207,2025-10-08,
