item_id,name,category,unit_cost,holding_cost_pct,min_order_qty,primary_supplier_id,avg_daily_demand,reorder_point_qty
SKU001,Doloremque Electrical,Electrical,1832.54,0.162,15,SUP002,15,315
SKU002,Magnam Fastener,Fasteners,1334.03,0.251,96,SUP005,40,520
SKU003,Explicabo Packaging,Packaging,1604.8,0.195,32,SUP002,74,1554
SKU004,Nisi Pump,Pumps,1370.65,0.291,82,SUP003,70,1400
SKU005,A Bearing,Bearings,1012.33,0.283,34,SUP008,23,322
SKU006,Accusamus Electrical,Electrical,256.2,0.288,53,SUP010,23,322
SKU007,Ut Fastener,Fasteners,1528.58,0.22,79,SUP003,61,1220
SKU008,Vel Packaging,Packaging,1476.92,0.141,92,SUP004,49,833
SKU009,Laudantium Pump,Pumps,828.18,0.276,89,SUP003,20,400
SKU010,Quae Bearing,Bearings,445.29,0.144,73,SUP006,21,462
SKU011,Rerum Electrical,Electrical,2343.47,0.222,10,SUP001,66,990
SKU012,Veniam Fastener,Fasteners,477.23,0.243,82,SUP009,33,561
SKU013,Architecto Packaging,Packaging,459.71,0.299,58,SUP007,41,902
SKU014,Eveniet Pump,Pumps,697.4,0.225,42,SUP002,43,903
SKU015,Recusandae Bearing,Bearings,1092.68,0.243,32,SUP009,35,595
SKU016,Exercitationem Electrical,Electrical,207.68,0.211,37,SUP005,13,169
SKU017,Sed Fastener,Fasteners,282.55,0.228,69,SUP003,24,480
SKU018,Perferendis Packaging,Packaging,1204.32,0.128,51,SUP003,70,1400
SKU019,Voluptatibus Pump,Pumps,1557.16,0.149,44,SUP009,19,323
SKU020,Reiciendis Bearing,Bearings,695.45,0.145,17,SUP006,61,1342
SKU021,Nobis Electrical,Electrical,2115.76,0.124,15,SUP007,37,814
SKU022,Ad Fastener,Fasteners,1969.17,0.157,98,SUP008,13,182
SKU023,Tempore Packaging,Packaging,226.74,0.139,48,SUP010,35,490
SKU024,Consectetur Pump,Pumps,2022.9,0.181,31,SUP009,39,663
SKU025,Magni Bearing,Bearings,98.49,0.157,31,SUP008,56,784
SKU026,Iste Electrical,Electrical,1793.81,0.156,77,SUP005,67,871
SKU027,Dolores Fastener,Fasteners,1224.01,0.184,19,SUP006,47,1034
SKU028,Soluta Packaging,Packaging,1003.36,0.192,54,SUP006,62,1364
SKU029,Debitis Pump,Pumps,1866.87,0.3,26,SUP006,64,1408
SKU030,At Bearing,Bearings,221.91,0.164,55,SUP001,20,300
SKU031,Ullam Electrical,Electrical,1541.68,0.176,36,SUP003,74,1480
SKU032,Quam Fastener,Fasteners,60.16,0.184,88,SUP008,69,966
SKU033,Ratione Packaging,Packaging,1129.45,0.216,59,SUP008,54,756
SKU034,Maxime Pump,Pumps,376.27,0.275,76,SUP006,41,902
SKU035,Veritatis Bearing,Bearings,1819.58,0.151,46,SUP004,30,510
SKU036,Velit Electrical,Electrical,1566.21,0.263,99,SUP009,54,918
SKU037,Corrupti Fastener,Fasteners,1626.28,0.197,42,SUP002,21,441
SKU038,Quibusdam Packaging,Packaging,2114.9,0.164,59,SUP001,62,930
SKU039,Eos Pump,Pumps,302.78,0.242,29,SUP008,29,406
SKU040,Quidem Bearing,Bearings,420.47,0.214,98,SUP008,54,756
SKU041,Hic Electrical,Electrical,1913.43,0.246,38,SUP005,47,611
SKU042,Deleniti Fastener,Fasteners,403.93,0.164,43,SUP004,60,1020
SKU043,Consequuntur Packaging,Packaging,964.56,0.16,95,SUP001,36,540
SKU044,Repellendus Pump,Pumps,81.21,0.261,39,SUP003,18,360
SKU045,Odit Bearing,Bearings,259.74,0.139,68,SUP004,75,1275
SKU046,Aperiam Electrical,Electrical,1554.94,0.183,35,SUP004,24,408
SKU047,Dolore Fastener,Fasteners,1256.36,0.238,14,SUP010,46,644
SKU048,Laboriosam Packaging,Packaging,2323.67,0.262,76,SUP004,42,714
SKU049,Quod Pump,Pumps,2340.14,0.142,39,SUP006,35,770
SKU050,Consequatur Bearing,Bearings,589.37,0.228,38,SUP004,36,612
