id,decision_id,recommended_action,actual_action,actual_result
OUT000001,DEC000001,no_action,unchanged,not_applicable
OUT000002,DEC000002,review,unchanged,not_applicable
OUT000003,DEC000003,no_action,unchanged,not_applicable
OUT000004,DEC000004,review,unchanged,not_applicable
OUT000005,DEC000005,review,unchanged,not_applicable
OUT000006,DEC000006,review,revisited,assumption_broken
OUT000007,DEC000007,review,unchanged,not_applicable
OUT000008,DEC000008,no_action,unchanged,not_applicable
OUT000009,DEC000009,review,unchanged,not_applicable
OUT000010,DEC000010,review,unchanged,not_applicable
OUT000011,DEC000011,review,revisited,assumption_broken
OUT000012,DEC000012,review,revisited,assumption_broken
OUT000013,DEC000013,review,unchanged,not_applicable
OUT000014,DEC000014,review,revisited,assumption_broken
OUT000015,DEC000015,review,unchanged,not_applicable
OUT000016,DEC000016,review,unchanged,not_applicable
OUT000017,DEC000017,review,unchanged,not_applicable
OUT000018,DEC000018,review,unchanged,not_applicable
OUT000019,DEC000019,review,unchanged,not_applicable
OUT000020,DEC000020,review,unchanged,not_applicable
OUT000021,DEC000021,review,revisited,assumption_broken
OUT000022,DEC000022,review,unchanged,not_applicable
OUT000023,DEC000023,review,unchanged,not_applicable
OUT000024,DEC000024,review,unchanged,not_applicable
OUT000025,DEC000025,review,unchanged,not_applicable
OUT000026,DEC000026,no_action,unchanged,assumptions_hold_at_horizon
OUT000027,DEC000027,no_action,unchanged,assumptions_hold_at_horizon
OUT000028,DEC000028,review,revisited,assumption_broken
OUT000029,DEC000029,review,unchanged,assumptions_hold_at_horizon
OUT000030,DEC000030,no_action,unchanged,assumptions_hold_at_horizon
OUT000031,DEC000031,review,unchanged,not_applicable
OUT000032,DEC000032,review,unchanged,assumptions_hold_at_horizon
OUT000033,DEC000033,review,unchanged,not_applicable
OUT000034,DEC000034,review,unchanged,not_applicable
OUT000035,DEC000035,review,unchanged,assumptions_hold_at_horizon
OUT000036,DEC000036,review,unchanged,not_applicable
OUT000037,DEC000037,review,revisited,assumption_broken
OUT000038,DEC000038,review,unchanged,assumptions_hold_at_horizon
OUT000039,DEC000039,no_action,unchanged,not_applicable
OUT000040,DEC000040,review,unchanged,not_applicable
OUT000041,DEC000041,review,revisited,assumption_broken
OUT000042,DEC000042,review,unchanged,not_applicable
OUT000043,DEC000043,no_action,unchanged,assumptions_hold_at_horizon
OUT000044,DEC000044,no_action,unchanged,assumptions_hold_at_horizon
OUT000045,DEC000045,review,unchanged,assumptions_hold_at_horizon
OUT000046,DEC000046,review,unchanged,assumptions_hold_at_horizon
OUT000047,DEC000047,review,unchanged,not_applicable
OUT000048,DEC000048,review,unchanged,assumptions_hold_at_horizon
OUT000049,DEC000049,review,unchanged,not_applicable
OUT000050,DEC000050,review,unchanged,not_applicable
OUT000051,DEC000051,review,unchanged,not_applicable
OUT000052,DEC000052,review,unchanged,not_applicable
OUT000053,DEC000053,review,unchanged,not_applicable
OUT000054,DEC000054,review,unchanged,not_applicable
OUT000055,DEC000055,review,unchanged,not_applicable
OUT000056,DEC000056,review,unchanged,not_applicable
OUT000057,DEC000057,review,unchanged,not_applicable
OUT000058,DEC000058,review,unchanged,assumptions_hold_at_horizon
OUT000059,DEC000059,review,unchanged,assumptions_hold_at_horizon
OUT000060,DEC000060,review,unchanged,not_applicable
OUT000061,DEC000061,review,unchanged,not_applicable
OUT000062,DEC000062,no_action,unchanged,not_applicable
OUT000063,DEC000063,review,revisited,assumption_broken
OUT000064,DEC000064,review,unchanged,assumptions_hold_at_horizon
OUT000065,DEC000065,review,unchanged,not_applicable
OUT000066,DEC000066,no_action,unchanged,not_applicable
OUT000067,DEC000067,review,unchanged,not_applicable
OUT000068,DEC000068,review,revisited,assumption_broken
OUT000069,DEC000069,review,unchanged,not_applicable
OUT000070,DEC000070,review,unchanged,assumptions_hold_at_horizon
OUT000071,DEC000071,no_action,unchanged,assumptions_hold_at_horizon
OUT000072,DEC000072,no_action,unchanged,assumptions_hold_at_horizon
OUT000073,DEC000073,no_action,unchanged,not_applicable
OUT000074,DEC000074,review,revisited,assumption_broken
OUT000075,DEC000075,review,revisited,assumption_broken
OUT000076,DEC000076,no_action,unchanged,not_applicable
OUT000077,DEC000077,review,unchanged,not_applicable
OUT000078,DEC000078,review,revisited,assumption_broken
OUT000079,DEC000079,review,unchanged,not_applicable
OUT000080,DEC000080,review,unchanged,assumptions_hold_at_horizon
OUT000081,DEC000081,review,unchanged,not_applicable
OUT000082,DEC000082,review,unchanged,not_applicable
OUT000083,DEC000083,review,unchanged,not_applicable
OUT000084,DEC000084,no_action,unchanged,assumptions_hold_at_horizon
OUT000085,DEC000085,review,unchanged,not_applicable
OUT000086,DEC000086,review,revisited,assumption_broken
OUT000087,DEC000087,review,unchanged,not_applicable
OUT000088,DEC000088,no_action,unchanged,not_applicable
OUT000089,DEC000089,review,revisited,assumption_broken
OUT000090,DEC000090,review,unchanged,not_applicable
OUT000091,DEC000091,review,revisited,assumption_broken
OUT000092,DEC000092,review,unchanged,not_applicable
OUT000093,DEC000093,review,unchanged,not_applicable
OUT000094,DEC000094,review,unchanged,not_applicable
OUT000095,DEC000095,review,unchanged,not_applicable
OUT000096,DEC000096,review,unchanged,not_applicable
OUT000097,DEC000097,review,unchanged,not_applicable
OUT000098,DEC000098,no_action,unchanged,not_applicable
OUT000099,DEC000099,review,revisited,assumption_broken
OUT000100,DEC000100,no_action,unchanged,not_applicable
OUT000101,DEC000101,no_action,unchanged,not_applicable
OUT000102,DEC000102,review,revisited,assumption_broken
OUT000103,DEC000103,review,unchanged,not_applicable
OUT000104,DEC000104,review,unchanged,not_applicable
OUT000105,DEC000105,review,unchanged,not_applicable
OUT000106,DEC000106,review,unchanged,not_applicable
OUT000107,DEC000107,review,revisited,assumption_broken
OUT000108,DEC000108,review,revisited,assumption_broken
OUT000109,DEC000109,no_action,unchanged,not_applicable
OUT000110,DEC000110,review,unchanged,assumptions_hold_at_horizon
OUT000111,DEC000111,no_action,unchanged,not_applicable
OUT000112,DEC000112,review,unchanged,not_applicable
OUT000113,DEC000113,review,unchanged,not_applicable
OUT000114,DEC000114,no_action,unchanged,not_applicable
OUT000115,DEC000115,no_action,unchanged,not_applicable
OUT000116,DEC000116,review,unchanged,not_applicable
OUT000117,DEC000117,review,unchanged,not_applicable
OUT000118,DEC000118,review,revisited,assumption_broken
OUT000119,DEC000119,review,unchanged,assumptions_hold_at_horizon
OUT000120,DEC000120,review,unchanged,not_applicable
OUT000121,DEC000121,review,unchanged,assumptions_hold_at_horizon
OUT000122,DEC000122,review,unchanged,not_applicable
OUT000123,DEC000123,review,revisited,assumption_broken
OUT000124,DEC000124,review,unchanged,assumptions_hold_at_horizon
OUT000125,DEC000125,review,unchanged,not_applicable
OUT000126,DEC000126,review,unchanged,not_applicable
OUT000127,DEC000127,review,unchanged,not_applicable
OUT000128,DEC000128,no_action,unchanged,not_applicable
OUT000129,DEC000129,review,revisited,assumption_broken
OUT000130,DEC000130,review,unchanged,assumptions_hold_at_horizon
OUT000131,DEC000131,no_action,unchanged,not_applicable
OUT000132,DEC000132,no_action,unchanged,not_applicable
OUT000133,DEC000133,review,revisited,assumption_broken
OUT000134,DEC000134,review,revisited,assumption_broken
OUT000135,DEC000135,no_action,unchanged,not_applicable
OUT000136,DEC000136,review,unchanged,not_applicable
OUT000137,DEC000137,review,revisited,assumption_broken
OUT000138,DEC000138,review,revisited,assumption_broken
OUT000139,DEC000139,review,unchanged,not_applicable
OUT000140,DEC000140,no_action,unchanged,not_applicable
OUT000141,DEC000141,review,unchanged,not_applicable
OUT000142,DEC000142,review,unchanged,not_applicable
OUT000143,DEC000143,no_action,unchanged,not_applicable
OUT000144,DEC000144,no_action,unchanged,not_applicable
OUT000145,DEC000145,review,revisited,assumption_broken
OUT000146,DEC000146,review,unchanged,not_applicable
OUT000147,DEC000147,review,revisited,assumption_broken
OUT000148,DEC000148,review,unchanged,not_applicable
OUT000149,DEC000149,no_action,unchanged,not_applicable
OUT000150,DEC000150,no_action,unchanged,assumptions_hold_at_horizon
OUT000151,DEC000151,review,unchanged,not_applicable
OUT000152,DEC000152,review,unchanged,not_applicable
OUT000153,DEC000153,review,unchanged,assumptions_hold_at_horizon
OUT000154,DEC000154,no_action,unchanged,not_applicable
OUT000155,DEC000155,review,unchanged,not_applicable
OUT000156,DEC000156,review,unchanged,not_applicable
OUT000157,DEC000157,review,unchanged,not_applicable
OUT000158,DEC000158,review,unchanged,not_applicable
OUT000159,DEC000159,review,unchanged,not_applicable
OUT000160,DEC000160,review,unchanged,not_applicable
OUT000161,DEC000161,review,unchanged,not_applicable
OUT000162,DEC000162,review,unchanged,assumptions_hold_at_horizon
OUT000163,DEC000163,review,revisited,assumption_broken
OUT000164,DEC000164,review,unchanged,not_applicable
OUT000165,DEC000165,no_action,unchanged,not_applicable
OUT000166,DEC000166,no_action,unchanged,assumptions_hold_at_horizon
OUT000167,DEC000167,review,unchanged,assumptions_hold_at_horizon
OUT000168,DEC000168,review,unchanged,not_applicable
OUT000169,DEC000169,no_action,unchanged,not_applicable
OUT000170,DEC000170,review,unchanged,assumptions_hold_at_horizon
OUT000171,DEC000171,review,unchanged,assumptions_hold_at_horizon
OUT000172,DEC000172,review,revisited,assumption_broken
OUT000173,DEC000173,review,unchanged,not_applicable
OUT000174,DEC000174,no_action,unchanged,not_applicable
OUT000175,DEC000175,review,unchanged,not_applicable
OUT000176,DEC000176,review,revisited,assumption_broken
OUT000177,DEC000177,review,unchanged,not_applicable
OUT000178,DEC000178,review,unchanged,assumptions_hold_at_horizon
OUT000179,DEC000179,review,unchanged,not_applicable
OUT000180,DEC000180,review,unchanged,not_applicable
OUT000181,DEC000181,review,unchanged,not_applicable
OUT000182,DEC000182,review,unchanged,not_applicable
OUT000183,DEC000183,no_action,unchanged,not_applicable
OUT000184,DEC000184,no_action,unchanged,not_applicable
OUT000185,DEC000185,review,unchanged,not_applicable
OUT000186,DEC000186,no_action,unchanged,assumptions_hold_at_horizon
OUT000187,DEC000187,review,unchanged,assumptions_hold_at_horizon
OUT000188,DEC000188,review,unchanged,not_applicable
OUT000189,DEC000189,review,unchanged,assumptions_hold_at_horizon
OUT000190,DEC000190,review,unchanged,not_applicable
OUT000191,DEC000191,no_action,unchanged,assumptions_hold_at_horizon
OUT000192,DEC000192,review,unchanged,not_applicable
OUT000193,DEC000193,no_action,unchanged,assumptions_hold_at_horizon
OUT000194,DEC000194,no_action,unchanged,assumptions_hold_at_horizon
OUT000195,DEC000195,no_action,unchanged,assumptions_hold_at_horizon
OUT000196,DEC000196,review,unchanged,not_applicable
OUT000197,DEC000197,review,unchanged,not_applicable
OUT000198,DEC000198,review,unchanged,not_applicable
OUT000199,DEC000199,review,unchanged,not_applicable
OUT000200,DEC000200,no_action,unchanged,assumptions_hold_at_horizon
OUT000201,DEC000201,review,revisited,assumption_broken
OUT000202,DEC000202,no_action,unchanged,assumptions_hold_at_horizon
OUT000203,DEC000203,review,unchanged,assumptions_hold_at_horizon
OUT000204,DEC000204,review,revisited,assumption_broken
OUT000205,DEC000205,review,unchanged,assumptions_hold_at_horizon
OUT000206,DEC000206,review,unchanged,not_applicable
OUT000207,DEC000207,review,unchanged,not_applicable
OUT000208,DEC000208,no_action,unchanged,not_applicable
OUT000209,DEC000209,review,unchanged,not_applicable
OUT000210,DEC000210,review,unchanged,not_applicable
OUT000211,DEC000211,review,unchanged,not_applicable
OUT000212,DEC000212,review,unchanged,not_applicable
OUT000213,DEC000213,review,revisited,assumption_broken
OUT000214,DEC000214,review,unchanged,not_applicable
OUT000215,DEC000215,review,revisited,assumption_broken
OUT000216,DEC000216,review,revisited,assumption_broken
OUT000217,DEC000217,review,unchanged,not_applicable
OUT000218,DEC000218,review,unchanged,not_applicable
OUT000219,DEC000219,review,unchanged,not_applicable
OUT000220,DEC000220,review,unchanged,not_applicable
OUT000221,DEC000221,no_action,unchanged,not_applicable
OUT000222,DEC000222,review,unchanged,not_applicable
OUT000223,DEC000223,review,unchanged,not_applicable
OUT000224,DEC000224,no_action,unchanged,assumptions_hold_at_horizon
OUT000225,DEC000225,no_action,unchanged,not_applicable
OUT000226,DEC000226,review,unchanged,assumptions_hold_at_horizon
OUT000227,DEC000227,review,unchanged,not_applicable
OUT000228,DEC000228,review,unchanged,not_applicable
OUT000229,DEC000229,review,unchanged,not_applicable
OUT000230,DEC000230,review,unchanged,assumptions_hold_at_horizon
OUT000231,DEC000231,review,unchanged,not_applicable
OUT000232,DEC000232,review,unchanged,not_applicable
OUT000233,DEC000233,review,unchanged,assumptions_hold_at_horizon
OUT000234,DEC000234,no_action,unchanged,not_applicable
OUT000235,DEC000235,no_action,unchanged,not_applicable
OUT000236,DEC000236,review,unchanged,not_applicable
OUT000237,DEC000237,no_action,unchanged,not_applicable
OUT000238,DEC000238,no_action,unchanged,assumptions_hold_at_horizon
OUT000239,DEC000239,review,unchanged,not_applicable
OUT000240,DEC000240,review,unchanged,assumptions_hold_at_horizon
OUT000241,DEC000241,review,unchanged,not_applicable
OUT000242,DEC000242,review,revisited,assumption_broken
OUT000243,DEC000243,review,unchanged,assumptions_hold_at_horizon
OUT000244,DEC000244,no_action,unchanged,assumptions_hold_at_horizon
OUT000245,DEC000245,no_action,unchanged,assumptions_hold_at_horizon
OUT000246,DEC000246,no_action,unchanged,assumptions_hold_at_horizon
OUT000247,DEC000247,review,unchanged,not_applicable
OUT000248,DEC000248,no_action,unchanged,not_applicable
OUT000249,DEC000249,review,unchanged,not_applicable
OUT000250,DEC000250,no_action,unchanged,not_applicable
OUT000251,DEC000251,no_action,unchanged,not_applicable
OUT000252,DEC000252,review,unchanged,not_applicable
OUT000253,DEC000253,review,unchanged,not_applicable
OUT000254,DEC000254,review,unchanged,assumptions_hold_at_horizon
OUT000255,DEC000255,review,unchanged,assumptions_hold_at_horizon
OUT000256,DEC000256,no_action,unchanged,not_applicable
OUT000257,DEC000257,review,unchanged,not_applicable
OUT000258,DEC000258,review,unchanged,not_applicable
OUT000259,DEC000259,no_action,unchanged,not_applicable
OUT000260,DEC000260,no_action,unchanged,not_applicable
OUT000261,DEC000261,review,unchanged,not_applicable
OUT000262,DEC000262,review,unchanged,not_applicable
OUT000263,DEC000263,no_action,unchanged,assumptions_hold_at_horizon
OUT000264,DEC000264,review,unchanged,not_applicable
OUT000265,DEC000265,review,unchanged,assumptions_hold_at_horizon
OUT000266,DEC000266,no_action,unchanged,assumptions_hold_at_horizon
OUT000267,DEC000267,review,unchanged,assumptions_hold_at_horizon
OUT000268,DEC000268,review,unchanged,not_applicable
OUT000269,DEC000269,review,revisited,assumption_broken
OUT000270,DEC000270,no_action,unchanged,not_applicable
OUT000271,DEC000271,no_action,unchanged,not_applicable
OUT000272,DEC000272,no_action,unchanged,not_applicable
OUT000273,DEC000273,no_action,unchanged,not_applicable
OUT000274,DEC000274,no_action,unchanged,not_applicable
OUT000275,DEC000275,review,unchanged,not_applicable
OUT000276,DEC000276,review,unchanged,assumptions_hold_at_horizon
OUT000277,DEC000277,no_action,unchanged,not_applicable
OUT000278,DEC000278,review,unchanged,assumptions_hold_at_horizon
OUT000279,DEC000279,review,unchanged,not_applicable
OUT000280,DEC000280,review,unchanged,not_applicable
OUT000281,DEC000281,review,unchanged,not_applicable
OUT000282,DEC000282,no_action,unchanged,assumptions_hold_at_horizon
OUT000283,DEC000283,review,unchanged,not_applicable
OUT000284,DEC000284,review,unchanged,assumptions_hold_at_horizon
OUT000285,DEC000285,no_action,unchanged,not_applicable
OUT000286,DEC000286,review,unchanged,not_applicable
OUT000287,DEC000287,no_action,unchanged,not_applicable
OUT000288,DEC000288,review,revisited,assumption_broken
OUT000289,DEC000289,no_action,unchanged,assumptions_hold_at_horizon
OUT000290,DEC000290,no_action,unchanged,assumptions_hold_at_horizon
OUT000291,DEC000291,review,unchanged,not_applicable
OUT000292,DEC000292,review,unchanged,not_applicable
OUT000293,DEC000293,no_action,unchanged,not_applicable
OUT000294,DEC000294,no_action,unchanged,assumptions_hold_at_horizon
OUT000295,DEC000295,review,unchanged,not_applicable
OUT000296,DEC000296,review,unchanged,not_applicable
OUT000297,DEC000297,review,unchanged,not_applicable
OUT000298,DEC000298,no_action,unchanged,assumptions_hold_at_horizon
OUT000299,DEC000299,review,unchanged,not_applicable
OUT000300,DEC000300,review,unchanged,not_applicable
OUT000301,DEC000301,review,unchanged,not_applicable
OUT000302,DEC000302,review,unchanged,not_applicable
OUT000303,DEC000303,review,unchanged,not_applicable
OUT000304,DEC000304,review,unchanged,not_applicable
OUT000305,DEC000305,no_action,unchanged,not_applicable
OUT000306,DEC000306,no_action,unchanged,not_applicable
OUT000307,DEC000307,no_action,unchanged,assumptions_hold_at_horizon
OUT000308,DEC000308,no_action,unchanged,assumptions_hold_at_horizon
OUT000309,DEC000309,no_action,unchanged,not_applicable
OUT000310,DEC000310,review,unchanged,not_applicable
OUT000311,DEC000311,review,unchanged,not_applicable
OUT000312,DEC000312,no_action,unchanged,assumptions_hold_at_horizon
OUT000313,DEC000313,review,unchanged,not_applicable
OUT000314,DEC000314,review,unchanged,not_applicable
OUT000315,DEC000315,no_action,unchanged,not_applicable
OUT000316,DEC000316,review,unchanged,not_applicable
OUT000317,DEC000317,no_action,unchanged,assumptions_hold_at_horizon
OUT000318,DEC000318,no_action,unchanged,not_applicable
OUT000319,DEC000319,review,unchanged,not_applicable
OUT000320,DEC000320,no_action,unchanged,assumptions_hold_at_horizon
OUT000321,DEC000321,no_action,unchanged,not_applicable
OUT000322,DEC000322,review,revisited,assumption_broken
OUT000323,DEC000323,no_action,unchanged,assumptions_hold_at_horizon
OUT000324,DEC000324,review,unchanged,not_applicable
OUT000325,DEC000325,no_action,unchanged,not_applicable
OUT000326,DEC000326,review,unchanged,assumptions_hold_at_horizon
OUT000327,DEC000327,no_action,unchanged,not_applicable
OUT000328,DEC000328,review,unchanged,not_applicable
OUT000329,DEC000329,no_action,unchanged,not_applicable
OUT000330,DEC000330,no_action,unchanged,not_applicable
OUT000331,DEC000331,review,unchanged,assumptions_hold_at_horizon
OUT000332,DEC000332,no_action,unchanged,not_applicable
OUT000333,DEC000333,review,revisited,assumption_broken
OUT000334,DEC000334,review,unchanged,not_applicable
OUT000335,DEC000335,review,unchanged,assumptions_hold_at_horizon
OUT000336,DEC000336,no_action,unchanged,assumptions_hold_at_horizon
OUT000337,DEC000337,review,unchanged,not_applicable
OUT000338,DEC000338,no_action,unchanged,not_applicable
OUT000339,DEC000339,review,unchanged,not_applicable
OUT000340,DEC000340,no_action,unchanged,not_applicable
OUT000341,DEC000341,review,unchanged,not_applicable
OUT000342,DEC000342,no_action,unchanged,not_applicable
OUT000343,DEC000343,review,unchanged,assumptions_hold_at_horizon
OUT000344,DEC000344,no_action,unchanged,not_applicable
OUT000345,DEC000345,review,unchanged,not_applicable
OUT000346,DEC000346,review,unchanged,not_applicable
OUT000347,DEC000347,no_action,unchanged,assumptions_hold_at_horizon
OUT000348,DEC000348,review,unchanged,assumptions_hold_at_horizon
OUT000349,DEC000349,no_action,unchanged,not_applicable
OUT000350,DEC000350,review,unchanged,not_applicable
OUT000351,DEC000351,review,unchanged,not_applicable
OUT000352,DEC000352,review,unchanged,not_applicable
OUT000353,DEC000353,no_action,unchanged,not_applicable
OUT000354,DEC000354,no_action,unchanged,assumptions_hold_at_horizon
OUT000355,DEC000355,review,unchanged,not_applicable
OUT000356,DEC000356,no_action,unchanged,not_applicable
OUT000357,DEC000357,no_action,unchanged,not_applicable
OUT000358,DEC000358,review,unchanged,not_applicable
OUT000359,DEC000359,review,unchanged,assumptions_hold_at_horizon
OUT000360,DEC000360,review,unchanged,not_applicable
OUT000361,DEC000361,review,unchanged,assumptions_hold_at_horizon
OUT000362,DEC000362,review,unchanged,not_applicable
OUT000363,DEC000363,no_action,unchanged,assumptions_hold_at_horizon
OUT000364,DEC000364,no_action,unchanged,not_applicable
OUT000365,DEC000365,no_action,unchanged,assumptions_hold_at_horizon
OUT000366,DEC000366,no_action,unchanged,not_applicable
OUT000367,DEC000367,no_action,unchanged,assumptions_hold_at_horizon
OUT000368,DEC000368,no_action,unchanged,not_applicable
OUT000369,DEC000369,review,unchanged,not_applicable
OUT000370,DEC000370,review,unchanged,not_applicable
OUT000371,DEC000371,review,unchanged,not_applicable
OUT000372,DEC000372,review,unchanged,not_applicable
OUT000373,DEC000373,no_action,unchanged,not_applicable
OUT000374,DEC000374,no_action,unchanged,assumptions_hold_at_horizon
OUT000375,DEC000375,no_action,unchanged,not_applicable
OUT000376,DEC000376,no_action,unchanged,assumptions_hold_at_horizon
OUT000377,DEC000377,no_action,unchanged,not_applicable
OUT000378,DEC000378,review,unchanged,not_applicable
OUT000379,DEC000379,no_action,unchanged,not_applicable
OUT000380,DEC000380,no_action,unchanged,not_applicable
OUT000381,DEC000381,review,unchanged,not_applicable
OUT000382,DEC000382,review,unchanged,not_applicable
OUT000383,DEC000383,review,unchanged,not_applicable
OUT000384,DEC000384,review,unchanged,not_applicable
OUT000385,DEC000385,review,unchanged,not_applicable
OUT000386,DEC000386,review,revisited,assumption_broken
OUT000387,DEC000387,no_action,unchanged,not_applicable
OUT000388,DEC000388,no_action,unchanged,not_applicable
OUT000389,DEC000389,no_action,unchanged,not_applicable
OUT000390,DEC000390,review,unchanged,not_applicable
OUT000391,DEC000391,no_action,unchanged,not_applicable
OUT000392,DEC000392,no_action,unchanged,not_applicable
OUT000393,DEC000393,review,unchanged,not_applicable
OUT000394,DEC000394,review,unchanged,assumptions_hold_at_horizon
OUT000395,DEC000395,review,unchanged,not_applicable
OUT000396,DEC000396,no_action,unchanged,not_applicable
OUT000397,DEC000397,no_action,unchanged,not_applicable
OUT000398,DEC000398,review,unchanged,not_applicable
OUT000399,DEC000399,no_action,unchanged,not_applicable
OUT000400,DEC000400,review,unchanged,not_applicable
OUT000401,DEC000401,review,unchanged,not_applicable
OUT000402,DEC000402,review,unchanged,not_applicable
OUT000403,DEC000403,review,revisited,assumption_broken
OUT000404,DEC000404,review,unchanged,not_applicable
OUT000405,DEC000405,no_action,unchanged,not_applicable
OUT000406,DEC000406,no_action,unchanged,not_applicable
OUT000407,DEC000407,no_action,unchanged,not_applicable
OUT000408,DEC000408,review,unchanged,not_applicable
OUT000409,DEC000409,no_action,unchanged,not_applicable
OUT000410,DEC000410,review,unchanged,assumptions_hold_at_horizon
OUT000411,DEC000411,no_action,unchanged,not_applicable
OUT000412,DEC000412,review,unchanged,not_applicable
OUT000413,DEC000413,no_action,unchanged,not_applicable
OUT000414,DEC000414,no_action,unchanged,not_applicable
OUT000415,DEC000415,no_action,unchanged,not_applicable
OUT000416,DEC000416,no_action,unchanged,assumptions_hold_at_horizon
OUT000417,DEC000417,no_action,unchanged,assumptions_hold_at_horizon
OUT000418,DEC000418,no_action,unchanged,not_applicable
OUT000419,DEC000419,review,unchanged,assumptions_hold_at_horizon
OUT000420,DEC000420,no_action,unchanged,not_applicable
OUT000421,DEC000421,review,unchanged,not_applicable
OUT000422,DEC000422,review,unchanged,not_applicable
OUT000423,DEC000423,no_action,unchanged,not_applicable
OUT000424,DEC000424,review,unchanged,not_applicable
OUT000425,DEC000425,review,revisited,assumption_broken
OUT000426,DEC000426,no_action,unchanged,assumptions_hold_at_horizon
OUT000427,DEC000427,no_action,unchanged,assumptions_hold_at_horizon
OUT000428,DEC000428,review,unchanged,not_applicable
OUT000429,DEC000429,no_action,unchanged,not_applicable
OUT000430,DEC000430,review,unchanged,not_applicable
OUT000431,DEC000431,review,revisited,assumption_broken
OUT000432,DEC000432,review,unchanged,assumptions_hold_at_horizon
OUT000433,DEC000433,no_action,unchanged,not_applicable
OUT000434,DEC000434,no_action,unchanged,not_applicable
OUT000435,DEC000435,review,unchanged,assumptions_hold_at_horizon
OUT000436,DEC000436,no_action,unchanged,not_applicable
OUT000437,DEC000437,no_action,unchanged,assumptions_hold_at_horizon
OUT000438,DEC000438,no_action,unchanged,not_applicable
OUT000439,DEC000439,review,unchanged,assumptions_hold_at_horizon
OUT000440,DEC000440,no_action,unchanged,not_applicable
OUT000441,DEC000441,no_action,unchanged,not_applicable
OUT000442,DEC000442,review,unchanged,not_applicable
OUT000443,DEC000443,review,unchanged,not_applicable
OUT000444,DEC000444,no_action,unchanged,not_applicable
OUT000445,DEC000445,no_action,unchanged,assumptions_hold_at_horizon
OUT000446,DEC000446,review,unchanged,not_applicable
OUT000447,DEC000447,no_action,unchanged,assumptions_hold_at_horizon
OUT000448,DEC000448,review,unchanged,assumptions_hold_at_horizon
OUT000449,DEC000449,review,revisited,assumption_broken
OUT000450,DEC000450,review,unchanged,not_applicable
OUT000451,DEC000451,no_action,unchanged,not_applicable
OUT000452,DEC000452,review,unchanged,not_applicable
OUT000453,DEC000453,review,unchanged,assumptions_hold_at_horizon
OUT000454,DEC000454,no_action,unchanged,assumptions_hold_at_horizon
OUT000455,DEC000455,review,revisited,assumption_broken
OUT000456,DEC000456,review,unchanged,not_applicable
OUT000457,DEC000457,review,unchanged,not_applicable
OUT000458,DEC000458,review,unchanged,not_applicable
OUT000459,DEC000459,no_action,unchanged,not_applicable
OUT000460,DEC000460,no_action,unchanged,assumptions_hold_at_horizon
OUT000461,DEC000461,no_action,unchanged,not_applicable
OUT000462,DEC000462,no_action,unchanged,not_applicable
OUT000463,DEC000463,no_action,unchanged,not_applicable
OUT000464,DEC000464,review,revisited,assumption_broken
OUT000465,DEC000465,review,unchanged,not_applicable
OUT000466,DEC000466,no_action,unchanged,not_applicable
OUT000467,DEC000467,review,unchanged,assumptions_hold_at_horizon
OUT000468,DEC000468,no_action,unchanged,not_applicable
OUT000469,DEC000469,no_action,unchanged,not_applicable
OUT000470,DEC000470,no_action,unchanged,assumptions_hold_at_horizon
OUT000471,DEC000471,no_action,unchanged,not_applicable
OUT000472,DEC000472,review,revisited,assumption_broken
OUT000473,DEC000473,no_action,unchanged,not_applicable
OUT000474,DEC000474,no_action,unchanged,not_applicable
OUT000475,DEC000475,review,unchanged,assumptions_hold_at_horizon
OUT000476,DEC000476,no_action,unchanged,assumptions_hold_at_horizon
OUT000477,DEC000477,no_action,unchanged,not_applicable
OUT000478,DEC000478,no_action,unchanged,assumptions_hold_at_horizon
OUT000479,DEC000479,review,unchanged,not_applicable
OUT000480,DEC000480,no_action,unchanged,assumptions_hold_at_horizon
OUT000481,DEC000481,no_action,unchanged,not_applicable
OUT000482,DEC000482,no_action,unchanged,not_applicable
OUT000483,DEC000483,no_action,unchanged,assumptions_hold_at_horizon
OUT000484,DEC000484,review,unchanged,not_applicable
OUT000485,DEC000485,review,unchanged,not_applicable
OUT000486,DEC000486,no_action,unchanged,not_applicable
OUT000487,DEC000487,no_action,unchanged,assumptions_hold_at_horizon
OUT000488,DEC000488,no_action,unchanged,assumptions_hold_at_horizon
OUT000489,DEC000489,no_action,unchanged,not_applicable
OUT000490,DEC000490,review,revisited,assumption_broken
OUT000491,DEC000491,review,unchanged,not_applicable
OUT000492,DEC000492,review,unchanged,not_applicable
OUT000493,DEC000493,review,unchanged,not_applicable
OUT000494,DEC000494,no_action,unchanged,not_applicable
OUT000495,DEC000495,review,unchanged,not_applicable
OUT000496,DEC000496,no_action,unchanged,not_applicable
OUT000497,DEC000497,review,unchanged,not_applicable
OUT000498,DEC000498,no_action,unchanged,assumptions_hold_at_horizon
OUT000499,DEC000499,review,unchanged,assumptions_hold_at_horizon
OUT000500,DEC000500,review,unchanged,assumptions_hold_at_horizon
OUT000501,DEC000501,review,unchanged,not_applicable
OUT000502,DEC000502,no_action,unchanged,not_applicable
OUT000503,DEC000503,no_action,unchanged,assumptions_hold_at_horizon
OUT000504,DEC000504,no_action,unchanged,not_applicable
OUT000505,DEC000505,no_action,unchanged,not_applicable
OUT000506,DEC000506,no_action,unchanged,assumptions_hold_at_horizon
OUT000507,DEC000507,no_action,unchanged,not_applicable
OUT000508,DEC000508,no_action,unchanged,assumptions_hold_at_horizon
OUT000509,DEC000509,no_action,unchanged,not_applicable
OUT000510,DEC000510,no_action,unchanged,not_applicable
OUT000511,DEC000511,no_action,unchanged,not_applicable
OUT000512,DEC000512,no_action,unchanged,assumptions_hold_at_horizon
OUT000513,DEC000513,no_action,unchanged,assumptions_hold_at_horizon
OUT000514,DEC000514,review,revisited,assumption_broken
OUT000515,DEC000515,no_action,unchanged,not_applicable
OUT000516,DEC000516,no_action,unchanged,not_applicable
OUT000517,DEC000517,no_action,unchanged,not_applicable
OUT000518,DEC000518,no_action,unchanged,not_applicable
OUT000519,DEC000519,no_action,unchanged,not_applicable
OUT000520,DEC000520,no_action,unchanged,not_applicable
OUT000521,DEC000521,no_action,unchanged,not_applicable
OUT000522,DEC000522,no_action,unchanged,not_applicable
OUT000523,DEC000523,no_action,unchanged,not_applicable
OUT000524,DEC000524,no_action,unchanged,assumptions_hold_at_horizon
OUT000525,DEC000525,no_action,unchanged,not_applicable
OUT000526,DEC000526,no_action,unchanged,not_applicable
OUT000527,DEC000527,no_action,unchanged,not_applicable
OUT000528,DEC000528,no_action,unchanged,assumptions_hold_at_horizon
OUT000529,DEC000529,no_action,unchanged,not_applicable
OUT000530,DEC000530,no_action,unchanged,not_applicable
OUT000531,DEC000531,no_action,unchanged,not_applicable
OUT000532,DEC000532,review,revisited,assumption_broken
OUT000533,DEC000533,no_action,unchanged,not_applicable
OUT000534,DEC000534,no_action,unchanged,not_applicable
OUT000535,DEC000535,no_action,unchanged,assumptions_hold_at_horizon
OUT000536,DEC000536,no_action,unchanged,assumptions_hold_at_horizon
OUT000537,DEC000537,no_action,unchanged,assumptions_hold_at_horizon
OUT000538,DEC000538,no_action,unchanged,assumptions_hold_at_horizon
OUT000539,DEC000539,no_action,unchanged,assumptions_hold_at_horizon
