id,entity,field,old_value,new_value,event_time,event_type
EVT00035,item:SKU032:week:2025-09-01,forecast_qty,654,676,2025-04-05,forecast_revision
EVT00027,supplier:SUP001,price_break_tiers,"[{""min_qty"": 1, ""discount_pct"": 0.0}, {""min_qty"": 100, ""discount_pct"": 2.0}, {""min_qty"": 500, ""discount_pct"": 4.5}]","[{""min_qty"": 1, ""discount_pct"": 0.0}, {""min_qty"": 100, ""discount_pct"": 2.0}, {""min_qty"": 500, ""discount_pct"": 5.5}]",2025-04-08,price_break
EVT00020,supplier:SUP008,price_break_tiers,"[{""min_qty"": 1, ""discount_pct"": 0.0}, {""min_qty"": 100, ""discount_pct"": 2.0}, {""min_qty"": 500, ""discount_pct"": 4.5}]","[{""min_qty"": 1, ""discount_pct"": 0.0}, {""min_qty"": 100, ""discount_pct"": 2.0}, {""min_qty"": 500, ""discount_pct"": 3.5}]",2025-04-24,price_break
EVT00031,supplier:SUP003,price_break_tiers,"[{""min_qty"": 1, ""discount_pct"": 0.0}, {""min_qty"": 100, ""discount_pct"": 2.0}, {""min_qty"": 500, ""discount_pct"": 4.5}]","[{""min_qty"": 1, ""discount_pct"": 0.0}, {""min_qty"": 100, ""discount_pct"": 2.0}, {""min_qty"": 500, ""discount_pct"": 5.5}]",2025-04-27,price_break
EVT00024,supplier:SUP007,lead_time_days,15,23,2025-05-02,lead_time
EVT00013,item:SKU008,stock_qty,359,436,2025-05-04,stock_correction
EVT00022,supplier:SUP001,lead_time_days,8,16,2025-05-15,lead_time
EVT00021,item:SKU013:week:2025-08-25,forecast_qty,440,434,2025-05-18,forecast_revision
EVT00019,item:SKU039:week:2025-05-05,forecast_qty,172,130,2025-05-24,forecast_revision
EVT00030,supplier:SUP004,lead_time_days,10,15,2025-05-27,lead_time
EVT00009,supplier:SUP003,strike_status,"""clear""","""open""",2025-05-29,assumption_reversal
EVT00023,supplier:SUP007,lead_time_days,15,10,2025-06-05,lead_time
EVT00005,supplier:SUP001,strike_status,"""clear""","""open""",2025-06-06,assumption_reversal
EVT00036,supplier:SUP005,strike_status,"""clear""","""open""",2025-06-08,supplier_risk
EVT00006,supplier:SUP010,lead_time_days,7,9,2025-06-13,assumption_reversal
EVT00018,supplier:SUP002,lead_time_days,14,19,2025-06-16,lead_time
EVT00002,supplier:SUP010,strike_status,"""clear""","""open""",2025-06-19,assumption_reversal
EVT00034,supplier:SUP002,price_break_tiers,"[{""min_qty"": 1, ""discount_pct"": 0.0}, {""min_qty"": 100, ""discount_pct"": 2.0}, {""min_qty"": 500, ""discount_pct"": 4.5}]","[{""min_qty"": 1, ""discount_pct"": 0.0}, {""min_qty"": 100, ""discount_pct"": 2.0}, {""min_qty"": 500, ""discount_pct"": 3.5}]",2025-06-19,price_break
EVT00032,supplier:SUP005,lead_time_days,6,1,2025-06-20,lead_time
EVT00039,item:SKU044:week:2025-06-30,forecast_qty,105,113,2025-06-26,forecast_revision
EVT00040,supplier:SUP001,lead_time_days,8,5,2025-06-30,lead_time
EVT00007,item:SKU021:week:2025-06-16,forecast_qty,358,299,2025-07-02,assumption_reversal
EVT00012,supplier:SUP005,strike_status,"""clear""","""open""",2025-07-03,supplier_risk
EVT00017,supplier:SUP004,lead_time_days,10,5,2025-07-17,lead_time
EVT00038,supplier:SUP007,price_break_tiers,"[{""min_qty"": 1, ""discount_pct"": 0.0}, {""min_qty"": 100, ""discount_pct"": 2.0}, {""min_qty"": 500, ""discount_pct"": 4.5}]","[{""min_qty"": 1, ""discount_pct"": 0.0}, {""min_qty"": 100, ""discount_pct"": 2.0}, {""min_qty"": 500, ""discount_pct"": 3.5}]",2025-07-23,price_break
EVT00037,supplier:SUP004,lead_time_days,10,18,2025-07-28,lead_time
EVT00014,item:SKU035:week:2025-09-01,forecast_qty,203,217,2025-07-31,forecast_revision
EVT00016,item:SKU018:week:2025-05-19,forecast_qty,398,496,2025-07-31,forecast_revision
EVT00026,item:SKU028:week:2025-08-04,forecast_qty,532,608,2025-08-10,forecast_revision
EVT00015,item:SKU042:week:2025-08-18,forecast_qty,399,315,2025-08-22,forecast_revision
EVT00041,item:SKU039,stock_qty,624,548,2025-08-24,stock_correction
EVT00029,item:SKU019:week:2025-08-04,forecast_qty,141,180,2025-08-31,forecast_revision
EVT00033,item:SKU024,stock_qty,599,597,2025-09-09,stock_correction
EVT00011,supplier:SUP005,price_break_tiers,"[{""min_qty"": 1, ""discount_pct"": 0.0}, {""min_qty"": 100, ""discount_pct"": 2.0}, {""min_qty"": 500, ""discount_pct"": 4.5}]","[{""min_qty"": 1, ""discount_pct"": 0.0}, {""min_qty"": 100, ""discount_pct"": 2.0}, {""min_qty"": 500, ""discount_pct"": 3.5}]",2025-09-11,price_break
EVT00001,supplier:SUP004,lead_time_days,10,16,2025-09-17,assumption_reversal
EVT00008,item:SKU050,stock_qty,565,664,2025-09-18,assumption_reversal
EVT00003,supplier:SUP003,lead_time_days,13,19,2025-09-21,assumption_reversal
EVT00025,supplier:SUP009,price_break_tiers,"[{""min_qty"": 1, ""discount_pct"": 0.0}, {""min_qty"": 100, ""discount_pct"": 2.0}, {""min_qty"": 500, ""discount_pct"": 4.5}]","[{""min_qty"": 1, ""discount_pct"": 0.0}, {""min_qty"": 100, ""discount_pct"": 2.0}, {""min_qty"": 500, ""discount_pct"": 5.5}]",2025-09-22,price_break
EVT00028,item:SKU026:week:2025-07-21,forecast_qty,558,506,2025-09-22,forecast_revision
EVT00004,item:SKU001:week:2025-09-22,forecast_qty,116,103,2025-09-28,assumption_reversal
EVT00010,item:SKU017,stock_qty,194,205,2025-09-30,assumption_reversal
