decision_id,supplier_id,promised_delivery_date,actual_delivery_date,delay_days,arrived_late
DEC000001,SUP006,2025-04-16,2025-04-16,0,False
DEC000002,SUP003,2025-04-14,2025-04-15,1,True
DEC000003,SUP006,2025-04-16,2025-04-18,2,True
DEC000004,SUP003,2025-04-15,2025-04-16,1,True
DEC000005,SUP003,2025-04-15,2025-04-15,0,False
DEC000006,SUP002,2025-04-17,2025-04-18,1,True
DEC000007,SUP006,2025-04-20,2025-04-18,-2,False
DEC000008,SUP006,2025-04-20,2025-04-22,2,True
DEC000009,SUP002,2025-04-20,2025-04-19,-1,False
DEC000010,SUP008,2025-04-13,2025-04-15,2,True
DEC000011,SUP005,2025-04-14,2025-04-14,0,False
DEC000012,SUP004,2025-04-18,2025-04-19,1,True
DEC000013,SUP003,2025-04-22,2025-04-21,-1,False
DEC000014,SUP001,2025-04-17,2025-04-16,-1,False
DEC000015,SUP003,2025-04-23,2025-04-24,1,True
DEC000016,SUP009,2025-04-20,2025-04-21,1,True
DEC000017,SUP008,2025-04-17,2025-04-15,-2,False
DEC000018,SUP004,2025-04-21,2025-04-20,-1,False
DEC000019,SUP007,2025-04-26,2025-04-25,-1,False
DEC000020,SUP009,2025-04-21,2025-04-22,1,True
DEC000021,SUP003,2025-04-24,2025-04-25,1,True
DEC000022,SUP002,2025-04-26,2025-04-29,3,True
DEC000023,SUP010,2025-04-19,2025-04-20,1,True
DEC000024,SUP004,2025-04-23,2025-04-22,-1,False
DEC000025,SUP003,2025-04-27,2025-04-28,1,True
DEC000026,SUP006,2025-04-30,2025-05-04,4,True
DEC000027,SUP006,2025-04-30,2025-05-04,4,True
DEC000028,SUP001,2025-04-24,2025-04-23,-1,False
DEC000029,SUP010,2025-04-24,2025-04-24,0,False
DEC000030,SUP006,2025-05-02,2025-05-04,2,True
DEC000031,SUP009,2025-04-27,2025-04-28,1,True
DEC000032,SUP009,2025-04-27,2025-04-26,-1,False
DEC000033,SUP003,2025-04-30,2025-04-29,-1,False
DEC000034,SUP001,2025-04-25,2025-04-24,-1,False
DEC000035,SUP004,2025-04-27,2025-04-28,1,True
DEC000036,SUP002,2025-05-02,2025-05-01,-1,False
DEC000037,SUP003,2025-05-01,2025-04-30,-1,False
DEC000038,SUP008,2025-04-25,2025-04-24,-1,False
DEC000039,SUP006,2025-05-03,2025-05-03,0,False
DEC000040,SUP005,2025-04-25,2025-04-27,2,True
DEC000041,SUP003,2025-05-02,2025-05-01,-1,False
DEC000042,SUP006,2025-05-04,2025-05-07,3,True
DEC000043,SUP006,2025-05-04,2025-05-03,-1,False
DEC000044,SUP006,2025-05-05,2025-05-11,6,True
DEC000045,SUP002,2025-05-04,2025-05-03,-1,False
DEC000046,SUP004,2025-04-30,2025-04-29,-1,False
DEC000047,SUP001,2025-04-29,2025-04-30,1,True
DEC000048,SUP007,2025-05-06,2025-05-07,1,True
DEC000049,SUP002,2025-05-05,2025-05-06,1,True
DEC000050,SUP008,2025-04-29,2025-05-01,2,True
DEC000051,SUP008,2025-04-29,2025-04-30,1,True
DEC000052,SUP010,2025-04-29,2025-04-30,1,True
DEC000053,SUP007,2025-05-08,2025-05-07,-1,False
DEC000054,SUP008,2025-04-30,2025-05-03,3,True
DEC000055,SUP003,2025-05-06,2025-05-05,-1,False
DEC000056,SUP005,2025-04-29,2025-04-28,-1,False
DEC000057,SUP009,2025-05-04,2025-05-05,1,True
DEC000058,SUP004,2025-05-04,2025-05-05,1,True
DEC000059,SUP004,2025-05-04,2025-05-05,1,True
DEC000060,SUP002,2025-05-11,2025-05-13,2,True
DEC000061,SUP003,2025-05-10,2025-05-11,1,True
DEC000062,SUP008,2025-05-04,2025-05-04,0,False
DEC000063,SUP003,2025-05-10,2025-05-09,-1,False
DEC000064,SUP005,2025-05-04,2025-05-04,0,False
DEC000065,SUP009,2025-05-08,2025-05-10,2,True
DEC000066,SUP008,2025-05-05,2025-05-03,-2,False
DEC000067,SUP003,2025-05-13,2025-05-13,0,False
DEC000068,SUP004,2025-05-10,2025-05-11,1,True
DEC000069,SUP009,2025-05-10,2025-05-11,1,True
DEC000070,SUP004,2025-05-10,2025-05-11,1,True
DEC000071,SUP006,2025-05-16,2025-05-15,-1,False
DEC000072,SUP008,2025-05-08,2025-05-07,-1,False
DEC000073,SUP006,2025-05-16,2025-05-16,0,False
DEC000074,SUP003,2025-05-15,2025-05-16,1,True
DEC000075,SUP003,2025-05-15,2025-05-16,1,True
DEC000076,SUP006,2025-05-17,2025-05-18,1,True
DEC000077,SUP006,2025-05-17,2025-05-16,-1,False
DEC000078,SUP004,2025-05-12,2025-05-13,1,True
DEC000079,SUP002,2025-05-17,2025-05-16,-1,False
DEC000080,SUP010,2025-05-10,2025-05-10,0,False
DEC000081,SUP009,2025-05-13,2025-05-12,-1,False
DEC000082,SUP010,2025-05-10,2025-05-09,-1,False
DEC000083,SUP002,2025-05-17,2025-05-16,-1,False
DEC000084,SUP008,2025-05-11,2025-05-16,5,True
DEC000085,SUP002,2025-05-18,2025-05-22,4,True
DEC000086,SUP005,2025-05-10,2025-05-09,-1,False
DEC000087,SUP007,2025-05-20,2025-05-19,-1,False
DEC000088,SUP006,2025-05-20,2025-05-23,3,True
DEC000089,SUP004,2025-05-15,2025-05-15,0,False
DEC000090,SUP001,2025-05-13,2025-05-14,1,True
DEC000091,SUP003,2025-05-19,2025-05-20,1,True
DEC000092,SUP003,2025-05-20,2025-05-21,1,True
DEC000093,SUP007,2025-05-22,2025-05-21,-1,False
DEC000094,SUP001,2025-05-15,2025-05-16,1,True
DEC000095,SUP003,2025-05-20,2025-05-19,-1,False
DEC000096,SUP004,2025-05-17,2025-05-16,-1,False
DEC000097,SUP001,2025-05-16,2025-05-15,-1,False
DEC000098,SUP006,2025-05-23,2025-05-25,2,True
DEC000099,SUP002,2025-05-23,2025-05-25,2,True
DEC000100,SUP006,2025-05-24,2025-05-22,-2,False
DEC000101,SUP008,2025-05-18,2025-05-17,-1,False
DEC000102,SUP001,2025-05-19,2025-05-20,1,True
DEC000103,SUP008,2025-05-18,2025-05-18,0,False
DEC000104,SUP005,2025-05-18,2025-05-19,1,True
DEC000105,SUP003,2025-05-25,2025-05-26,1,True
DEC000106,SUP003,2025-05-25,2025-05-26,1,True
DEC000107,SUP010,2025-05-19,2025-05-18,-1,False
DEC000108,SUP004,2025-05-22,2025-05-23,1,True
DEC000109,SUP006,2025-05-28,2025-05-29,1,True
DEC000110,SUP009,2025-05-23,2025-05-24,1,True
DEC000111,SUP008,2025-05-20,2025-05-21,1,True
DEC000112,SUP005,2025-05-19,2025-05-19,0,False
DEC000113,SUP009,2025-05-24,2025-05-23,-1,False
DEC000114,SUP006,2025-05-29,2025-05-27,-2,False
DEC000115,SUP006,2025-05-29,2025-05-30,1,True
DEC000116,SUP004,2025-05-24,2025-05-25,1,True
DEC000117,SUP004,2025-05-24,2025-05-23,-1,False
DEC000118,SUP003,2025-05-28,2025-05-27,-1,False
DEC000119,SUP004,2025-05-25,2025-05-24,-1,False
DEC000120,SUP009,2025-05-25,2025-05-26,1,True
DEC000121,SUP006,2025-05-30,2025-05-29,-1,False
DEC000122,SUP009,2025-05-25,2025-05-26,1,True
DEC000123,SUP002,2025-05-30,2025-05-31,1,True
DEC000124,SUP007,2025-06-01,2025-06-02,1,True
DEC000125,SUP003,2025-05-30,2025-05-30,0,False
DEC000126,SUP002,2025-06-01,2025-05-31,-1,False
DEC000127,SUP002,2025-06-01,2025-06-02,1,True
DEC000128,SUP006,2025-06-02,2025-06-02,0,False
DEC000129,SUP002,2025-06-02,2025-06-03,1,True
DEC000130,SUP007,2025-06-03,2025-06-03,0,False
DEC000131,SUP008,2025-05-26,2025-05-25,-1,False
DEC000132,SUP008,2025-05-27,2025-05-29,2,True
DEC000133,SUP003,2025-06-02,2025-06-03,1,True
DEC000134,SUP004,2025-05-30,2025-05-31,1,True
DEC000135,SUP008,2025-05-27,2025-05-27,0,False
DEC000136,SUP003,2025-06-03,2025-06-04,1,True
DEC000137,SUP010,2025-05-28,2025-05-29,1,True
DEC000138,SUP003,2025-06-03,2025-06-02,-1,False
DEC000139,SUP004,2025-05-31,2025-05-31,0,False
DEC000140,SUP008,2025-05-29,2025-06-01,3,True
DEC000141,SUP009,2025-06-01,2025-06-01,0,False
DEC000142,SUP005,2025-05-28,2025-05-30,2,True
DEC000143,SUP006,2025-06-06,2025-06-07,1,True
DEC000144,SUP006,2025-06-06,2025-06-07,1,True
DEC000145,SUP004,2025-06-02,2025-06-03,1,True
DEC000146,SUP010,2025-05-31,2025-06-01,1,True
DEC000147,SUP001,2025-06-01,2025-06-02,1,True
DEC000148,SUP004,2025-06-03,2025-06-02,-1,False
DEC000149,SUP006,2025-06-10,2025-06-10,0,False
DEC000150,SUP006,2025-06-10,2025-06-11,1,True
DEC000151,SUP001,2025-06-03,2025-06-02,-1,False
DEC000152,SUP003,2025-06-09,2025-06-10,1,True
DEC000153,SUP006,2025-06-11,2025-06-10,-1,False
DEC000154,SUP006,2025-06-11,2025-06-12,1,True
DEC000155,SUP010,2025-06-03,2025-06-05,2,True
DEC000156,SUP001,2025-06-05,2025-06-04,-1,False
DEC000157,SUP005,2025-06-03,2025-06-05,2,True
DEC000158,SUP003,2025-06-10,2025-06-11,1,True
DEC000159,SUP002,2025-06-11,2025-06-12,1,True
DEC000160,SUP004,2025-06-09,2025-06-08,-1,False
DEC000161,SUP009,2025-06-10,2025-06-11,1,True
DEC000162,SUP008,2025-06-07,2025-06-12,5,True
DEC000163,SUP003,2025-06-14,2025-06-13,-1,False
DEC000164,SUP002,2025-06-15,2025-06-17,2,True
DEC000165,SUP008,2025-06-08,2025-06-09,1,True
DEC000166,SUP006,2025-06-16,2025-06-18,2,True
DEC000167,SUP002,2025-06-16,2025-06-17,1,True
DEC000168,SUP009,2025-06-12,2025-06-13,1,True
DEC000169,SUP008,2025-06-09,2025-06-12,3,True
DEC000170,SUP003,2025-06-15,2025-06-16,1,True
DEC000171,SUP009,2025-06-12,2025-06-13,1,True
DEC000172,SUP005,2025-06-09,2025-06-10,1,True
DEC000173,SUP003,2025-06-16,2025-06-15,-1,False
DEC000174,SUP006,2025-06-18,2025-06-18,0,False
DEC000175,SUP005,2025-06-09,2025-06-07,-2,False
DEC000176,SUP003,2025-06-16,2025-06-15,-1,False
DEC000177,SUP004,2025-06-13,2025-06-14,1,True
DEC000178,SUP002,2025-06-18,2025-06-18,0,False
DEC000179,SUP003,2025-06-17,2025-06-17,0,False
DEC000180,SUP004,2025-06-14,2025-06-15,1,True
DEC000181,SUP007,2025-06-19,2025-06-18,-1,False
DEC000182,SUP007,2025-06-19,2025-06-20,1,True
DEC000183,SUP006,2025-06-20,2025-06-18,-2,False
DEC000184,SUP006,2025-06-22,2025-06-28,6,True
DEC000185,SUP006,2025-06-22,2025-06-23,1,True
DEC000186,SUP006,2025-06-22,2025-06-21,-1,False
DEC000187,SUP004,2025-06-17,2025-06-16,-1,False
DEC000188,SUP004,2025-06-18,2025-06-19,1,True
DEC000189,SUP009,2025-06-19,2025-06-20,1,True
DEC000190,SUP001,2025-06-17,2025-06-16,-1,False
DEC000191,SUP008,2025-06-16,2025-06-15,-1,False
DEC000192,SUP009,2025-06-20,2025-06-21,1,True
DEC000193,SUP006,2025-06-25,2025-06-24,-1,False
DEC000194,SUP008,2025-06-17,2025-06-18,1,True
DEC000195,SUP008,2025-06-17,2025-06-18,1,True
DEC000196,SUP002,2025-06-25,2025-06-24,-1,False
DEC000197,SUP004,2025-06-21,2025-06-20,-1,False
DEC000198,SUP003,2025-06-25,2025-06-25,0,False
DEC000199,SUP005,2025-06-18,2025-06-17,-1,False
DEC000200,SUP008,2025-06-20,2025-06-17,-3,False
DEC000201,SUP003,2025-06-26,2025-06-27,1,True
DEC000202,SUP006,2025-06-28,2025-06-29,1,True
DEC000203,SUP002,2025-06-27,2025-06-28,1,True
DEC000204,SUP010,2025-06-21,2025-06-21,0,False
DEC000205,SUP001,2025-06-22,2025-06-21,-1,False
DEC000206,SUP010,2025-06-22,2025-06-23,1,True
DEC000207,SUP002,2025-06-29,2025-06-30,1,True
DEC000208,SUP006,2025-06-30,2025-07-01,1,True
DEC000209,SUP004,2025-06-25,2025-06-28,3,True
DEC000210,SUP009,2025-06-26,2025-06-28,2,True
DEC000211,SUP010,2025-06-23,2025-06-23,0,False
DEC000212,SUP007,2025-07-02,2025-07-01,-1,False
DEC000213,SUP007,2025-07-02,2025-07-02,0,False
DEC000214,SUP008,2025-06-24,2025-06-24,0,False
DEC000215,SUP004,2025-06-27,2025-06-27,0,False
DEC000216,SUP003,2025-07-01,2025-07-02,1,True
DEC000217,SUP003,2025-07-01,2025-07-02,1,True
DEC000218,SUP001,2025-06-26,2025-06-27,1,True
DEC000219,SUP009,2025-06-28,2025-06-29,1,True
DEC000220,SUP005,2025-06-24,2025-06-24,0,False
DEC000221,SUP006,2025-07-03,2025-07-08,5,True
DEC000222,SUP001,2025-06-26,2025-06-27,1,True
DEC000223,SUP003,2025-07-01,2025-06-30,-1,False
DEC000224,SUP006,2025-07-03,2025-07-02,-1,False
DEC000225,SUP006,2025-07-04,2025-07-03,-1,False
DEC000226,SUP004,2025-06-29,2025-06-30,1,True
DEC000227,SUP005,2025-06-26,2025-06-25,-1,False
DEC000228,SUP003,2025-07-03,2025-07-02,-1,False
DEC000229,SUP004,2025-06-30,2025-07-01,1,True
DEC000230,SUP004,2025-07-01,2025-06-30,-1,False
DEC000231,SUP009,2025-07-01,2025-07-02,1,True
DEC000232,SUP009,2025-07-01,2025-07-02,1,True
DEC000233,SUP006,2025-07-06,2025-07-05,-1,False
DEC000234,SUP008,2025-06-29,2025-07-01,2,True
DEC000235,SUP008,2025-06-29,2025-07-02,3,True
DEC000236,SUP002,2025-07-08,2025-07-07,-1,False
DEC000237,SUP002,2025-07-08,2025-07-09,1,True
DEC000238,SUP008,2025-07-01,2025-07-02,1,True
DEC000239,SUP005,2025-06-30,2025-06-30,0,False
DEC000240,SUP007,2025-07-10,2025-07-11,1,True
DEC000241,SUP004,2025-07-05,2025-07-07,2,True
DEC000242,SUP003,2025-07-09,2025-07-08,-1,False
DEC000243,SUP003,2025-07-09,2025-07-08,-1,False
DEC000244,SUP008,2025-07-03,2025-07-04,1,True
DEC000245,SUP008,2025-07-04,2025-07-06,2,True
DEC000246,SUP006,2025-07-12,2025-07-12,0,False
DEC000247,SUP004,2025-07-07,2025-07-07,0,False
DEC000248,SUP006,2025-07-12,2025-07-13,1,True
DEC000249,SUP003,2025-07-11,2025-07-12,1,True
DEC000250,SUP002,2025-07-12,2025-07-12,0,False
DEC000251,SUP006,2025-07-13,2025-07-12,-1,False
DEC000252,SUP001,2025-07-06,2025-07-07,1,True
DEC000253,SUP001,2025-07-06,2025-07-05,-1,False
DEC000254,SUP004,2025-07-09,2025-07-10,1,True
DEC000255,SUP009,2025-07-10,2025-07-09,-1,False
DEC000256,SUP006,2025-07-15,2025-07-14,-1,False
DEC000257,SUP007,2025-07-16,2025-07-18,2,True
DEC000258,SUP003,2025-07-15,2025-07-16,1,True
DEC000259,SUP006,2025-07-18,2025-07-18,0,False
DEC000260,SUP008,2025-07-10,2025-07-11,1,True
DEC000261,SUP004,2025-07-13,2025-07-14,1,True
DEC000262,SUP009,2025-07-13,2025-07-14,1,True
DEC000263,SUP006,2025-07-19,2025-07-20,1,True
DEC000264,SUP003,2025-07-17,2025-07-18,1,True
DEC000265,SUP004,2025-07-14,2025-07-13,-1,False
DEC000266,SUP010,2025-07-12,2025-07-13,1,True
DEC000267,SUP009,2025-07-15,2025-07-16,1,True
DEC000268,SUP005,2025-07-11,2025-07-14,3,True
DEC000269,SUP003,2025-07-18,2025-07-19,1,True
DEC000270,SUP002,2025-07-19,2025-07-18,-1,False
DEC000271,SUP010,2025-07-13,2025-07-13,0,False
DEC000272,SUP002,2025-07-21,2025-07-23,2,True
DEC000273,SUP001,2025-07-15,2025-07-14,-1,False
DEC000274,SUP001,2025-07-15,2025-07-17,2,True
DEC000275,SUP002,2025-07-22,2025-07-21,-1,False
DEC000276,SUP003,2025-07-21,2025-07-22,1,True
DEC000277,SUP008,2025-07-15,2025-07-16,1,True
DEC000278,SUP006,2025-07-23,2025-07-21,-2,False
DEC000279,SUP004,2025-07-18,2025-07-19,1,True
DEC000280,SUP005,2025-07-15,2025-07-14,-1,False
DEC000281,SUP009,2025-07-19,2025-07-18,-1,False
DEC000282,SUP010,2025-07-16,2025-07-15,-1,False
DEC000283,SUP009,2025-07-19,2025-07-20,1,True
DEC000284,SUP008,2025-07-16,2025-07-17,1,True
DEC000285,SUP006,2025-07-24,2025-07-23,-1,False
DEC000286,SUP005,2025-07-16,2025-07-18,2,True
DEC000287,SUP008,2025-07-19,2025-07-20,1,True
DEC000288,SUP004,2025-07-22,2025-07-23,1,True
DEC000289,SUP006,2025-07-27,2025-07-28,1,True
DEC000290,SUP002,2025-07-27,2025-07-25,-2,False
DEC000291,SUP003,2025-07-26,2025-07-27,1,True
DEC000292,SUP007,2025-07-28,2025-07-27,-1,False
DEC000293,SUP008,2025-07-20,2025-07-21,1,True
DEC000294,SUP008,2025-07-20,2025-07-25,5,True
DEC000295,SUP004,2025-07-23,2025-07-22,-1,False
DEC000296,SUP003,2025-07-27,2025-07-28,1,True
DEC000297,SUP007,2025-07-29,2025-07-28,-1,False
DEC000298,SUP006,2025-07-29,2025-07-30,1,True
DEC000299,SUP005,2025-07-20,2025-07-23,3,True
DEC000300,SUP004,2025-07-24,2025-07-23,-1,False
DEC000301,SUP004,2025-07-25,2025-07-24,-1,False
DEC000302,SUP003,2025-07-29,2025-07-28,-1,False
DEC000303,SUP003,2025-07-29,2025-07-30,1,True
DEC000304,SUP009,2025-07-26,2025-07-25,-1,False
DEC000305,SUP006,2025-07-31,2025-08-01,1,True
DEC000306,SUP001,2025-07-25,2025-07-26,1,True
DEC000307,SUP006,2025-08-02,2025-08-04,2,True
DEC000308,SUP001,2025-07-26,2025-07-25,-1,False
DEC000309,SUP002,2025-08-02,2025-08-05,3,True
DEC000310,SUP003,2025-08-01,2025-07-31,-1,False
DEC000311,SUP009,2025-07-30,2025-07-29,-1,False
DEC000312,SUP002,2025-08-04,2025-08-03,-1,False
DEC000313,SUP002,2025-08-05,2025-08-04,-1,False
DEC000314,SUP003,2025-08-04,2025-08-05,1,True
DEC000315,SUP008,2025-07-29,2025-07-31,2,True
DEC000316,SUP004,2025-08-01,2025-08-02,1,True
DEC000317,SUP006,2025-08-06,2025-08-06,0,False
DEC000318,SUP006,2025-08-07,2025-08-07,0,False
DEC000319,SUP006,2025-08-07,2025-08-06,-1,False
DEC000320,SUP006,2025-08-07,2025-08-07,0,False
DEC000321,SUP001,2025-08-01,2025-07-31,-1,False
DEC000322,SUP004,2025-08-03,2025-08-04,1,True
DEC000323,SUP006,2025-08-09,2025-08-09,0,False
DEC000324,SUP008,2025-08-01,2025-08-02,1,True
DEC000325,SUP008,2025-08-01,2025-08-01,0,False
DEC000326,SUP009,2025-08-05,2025-08-04,-1,False
DEC000327,SUP007,2025-08-10,2025-08-09,-1,False
DEC000328,SUP005,2025-08-01,2025-07-31,-1,False
DEC000329,SUP001,2025-08-03,2025-08-04,1,True
DEC000330,SUP010,2025-08-02,2025-08-05,3,True
DEC000331,SUP004,2025-08-05,2025-08-06,1,True
DEC000332,SUP007,2025-08-11,2025-08-12,1,True
DEC000333,SUP003,2025-08-10,2025-08-11,1,True
DEC000334,SUP009,2025-08-07,2025-08-07,0,False
DEC000335,SUP009,2025-08-07,2025-08-08,1,True
DEC000336,SUP002,2025-08-12,2025-08-13,1,True
DEC000337,SUP003,2025-08-11,2025-08-10,-1,False
DEC000338,SUP006,2025-08-13,2025-08-15,2,True
DEC000339,SUP003,2025-08-12,2025-08-13,1,True
DEC000340,SUP010,2025-08-06,2025-08-04,-2,False
DEC000341,SUP003,2025-08-12,2025-08-13,1,True
DEC000342,SUP008,2025-08-06,2025-08-07,1,True
DEC000343,SUP005,2025-08-06,2025-08-07,1,True
DEC000344,SUP006,2025-08-15,2025-08-16,1,True
DEC000345,SUP004,2025-08-10,2025-08-11,1,True
DEC000346,SUP004,2025-08-10,2025-08-11,1,True
DEC000347,SUP008,2025-08-08,2025-08-12,4,True
DEC000348,SUP003,2025-08-14,2025-08-15,1,True
DEC000349,SUP008,2025-08-08,2025-08-08,0,False
DEC000350,SUP004,2025-08-11,2025-08-12,1,True
DEC000351,SUP005,2025-08-08,2025-08-09,1,True
DEC000352,SUP009,2025-08-12,2025-08-13,1,True
DEC000353,SUP001,2025-08-10,2025-08-11,1,True
DEC000354,SUP002,2025-08-16,2025-08-17,1,True
DEC000355,SUP004,2025-08-13,2025-08-14,1,True
DEC000356,SUP010,2025-08-10,2025-08-08,-2,False
DEC000357,SUP006,2025-08-19,2025-08-22,3,True
DEC000358,SUP003,2025-08-17,2025-08-18,1,True
DEC000359,SUP002,2025-08-19,2025-08-19,0,False
DEC000360,SUP006,2025-08-20,2025-08-22,2,True
DEC000361,SUP005,2025-08-11,2025-08-09,-2,False
DEC000362,SUP003,2025-08-18,2025-08-17,-1,False
DEC000363,SUP002,2025-08-20,2025-08-19,-1,False
DEC000364,SUP001,2025-08-14,2025-08-13,-1,False
DEC000365,SUP006,2025-08-21,2025-08-20,-1,False
DEC000366,SUP007,2025-08-23,2025-08-24,1,True
DEC000367,SUP002,2025-08-22,2025-08-21,-1,False
DEC000368,SUP007,2025-08-23,2025-08-22,-1,False
DEC000369,SUP009,2025-08-18,2025-08-19,1,True
DEC000370,SUP004,2025-08-18,2025-08-18,0,False
DEC000371,SUP009,2025-08-18,2025-08-17,-1,False
DEC000372,SUP004,2025-08-18,2025-08-17,-1,False
DEC000373,SUP008,2025-08-17,2025-08-20,3,True
DEC000374,SUP006,2025-08-26,2025-08-25,-1,False
DEC000375,SUP006,2025-08-27,2025-08-28,1,True
DEC000376,SUP001,2025-08-20,2025-08-21,1,True
DEC000377,SUP006,2025-08-27,2025-08-25,-2,False
DEC000378,SUP003,2025-08-26,2025-08-25,-1,False
DEC000379,SUP006,2025-08-28,2025-08-27,-1,False
DEC000380,SUP008,2025-08-20,2025-08-21,1,True
DEC000381,SUP008,2025-08-20,2025-08-20,0,False
DEC000382,SUP002,2025-08-28,2025-08-30,2,True
DEC000383,SUP003,2025-08-27,2025-08-27,0,False
DEC000384,SUP003,2025-08-27,2025-08-28,1,True
DEC000385,SUP003,2025-08-27,2025-08-26,-1,False
DEC000386,SUP003,2025-08-27,2025-08-28,1,True
DEC000387,SUP008,2025-08-21,2025-08-21,0,False
DEC000388,SUP006,2025-08-29,2025-09-02,4,True
DEC000389,SUP002,2025-08-29,2025-08-30,1,True
DEC000390,SUP009,2025-08-25,2025-08-24,-1,False
DEC000391,SUP001,2025-08-23,2025-08-22,-1,False
DEC000392,SUP010,2025-08-22,2025-08-21,-1,False
DEC000393,SUP004,2025-08-25,2025-08-24,-1,False
DEC000394,SUP005,2025-08-22,2025-08-22,0,False
DEC000395,SUP005,2025-08-22,2025-08-21,-1,False
DEC000396,SUP006,2025-09-01,2025-09-03,2,True
DEC000397,SUP006,2025-09-01,2025-08-30,-2,False
DEC000398,SUP004,2025-08-28,2025-08-29,1,True
DEC000399,SUP002,2025-09-02,2025-09-02,0,False
DEC000400,SUP003,2025-09-01,2025-08-31,-1,False
DEC000401,SUP004,2025-08-29,2025-08-30,1,True
DEC000402,SUP004,2025-08-29,2025-08-28,-1,False
DEC000403,SUP004,2025-08-30,2025-08-31,1,True
DEC000404,SUP009,2025-08-30,2025-08-29,-1,False
DEC000405,SUP008,2025-08-27,2025-09-02,6,True
DEC000406,SUP008,2025-08-27,2025-08-28,1,True
DEC000407,SUP007,2025-09-05,2025-09-04,-1,False
DEC000408,SUP003,2025-09-03,2025-09-04,1,True
DEC000409,SUP010,2025-08-29,2025-08-28,-1,False
DEC000410,SUP009,2025-09-01,2025-09-02,1,True
DEC000411,SUP007,2025-09-06,2025-09-07,1,True
DEC000412,SUP005,2025-08-29,2025-08-29,0,False
DEC000413,SUP010,2025-08-30,2025-08-29,-1,False
DEC000414,SUP001,2025-08-31,2025-08-30,-1,False
DEC000415,SUP002,2025-09-07,2025-09-07,0,False
DEC000416,SUP006,2025-09-09,2025-09-10,1,True
DEC000417,SUP006,2025-09-09,2025-09-08,-1,False
DEC000418,SUP008,2025-09-02,2025-09-03,1,True
DEC000419,SUP009,2025-09-05,2025-09-05,0,False
DEC000420,SUP006,2025-09-10,2025-09-08,-2,False
DEC000421,SUP004,2025-09-05,2025-09-06,1,True
DEC000422,SUP009,2025-09-05,2025-09-05,0,False
DEC000423,SUP001,2025-09-03,2025-09-02,-1,False
DEC000424,SUP004,2025-09-05,2025-09-04,-1,False
DEC000425,SUP003,2025-09-09,2025-09-09,0,False
DEC000426,SUP001,2025-09-04,2025-09-03,-1,False
DEC000427,SUP006,2025-09-11,2025-09-10,-1,False
DEC000428,SUP002,2025-09-11,2025-09-10,-1,False
DEC000429,SUP002,2025-09-11,2025-09-10,-1,False
DEC000430,SUP003,2025-09-10,2025-09-09,-1,False
DEC000431,SUP003,2025-09-11,2025-09-10,-1,False
DEC000432,SUP003,2025-09-11,2025-09-10,-1,False
DEC000433,SUP006,2025-09-13,2025-09-13,0,False
DEC000434,SUP006,2025-09-13,2025-09-14,1,True
DEC000435,SUP005,2025-09-04,2025-09-04,0,False
DEC000436,SUP006,2025-09-14,2025-09-16,2,True
DEC000437,SUP008,2025-09-06,2025-09-05,-1,False
DEC000438,SUP002,2025-09-14,2025-09-15,1,True
DEC000439,SUP005,2025-09-06,2025-09-05,-1,False
DEC000440,SUP007,2025-09-15,2025-09-14,-1,False
DEC000441,SUP008,2025-09-07,2025-09-09,2,True
DEC000442,SUP004,2025-09-10,2025-09-11,1,True
DEC000443,SUP003,2025-09-14,2025-09-13,-1,False
DEC000444,SUP008,2025-09-08,2025-09-09,1,True
DEC000445,SUP007,2025-09-17,2025-09-16,-1,False
DEC000446,SUP009,2025-09-12,2025-09-11,-1,False
DEC000447,SUP008,2025-09-09,2025-09-08,-1,False
DEC000448,SUP003,2025-09-16,2025-09-17,1,True
DEC000449,SUP003,2025-09-16,2025-09-15,-1,False
DEC000450,SUP004,2025-09-13,2025-09-14,1,True
DEC000451,SUP010,2025-09-10,2025-09-08,-2,False
DEC000452,SUP009,2025-09-14,2025-09-13,-1,False
DEC000453,SUP005,2025-09-10,2025-09-09,-1,False
DEC000454,SUP001,2025-09-12,2025-09-14,2,True
DEC000455,SUP003,2025-09-18,2025-09-17,-1,False
DEC000456,SUP009,2025-09-15,2025-09-16,1,True
DEC000457,SUP004,2025-09-15,2025-09-14,-1,False
DEC000458,SUP004,2025-09-15,2025-09-15,0,False
DEC000459,SUP006,2025-09-21,2025-09-20,-1,False
DEC000460,SUP002,2025-09-20,2025-09-21,1,True
DEC000461,SUP006,2025-09-23,2025-09-24,1,True
DEC000462,SUP008,2025-09-16,2025-09-17,1,True
DEC000463,SUP006,2025-09-24,2025-09-26,2,True
DEC000464,SUP004,2025-09-19,2025-09-18,-1,False
DEC000465,SUP002,2025-09-24,2025-09-25,1,True
DEC000466,SUP002,2025-09-24,2025-09-23,-1,False
DEC000467,SUP004,2025-09-20,2025-09-21,1,True
DEC000468,SUP006,2025-09-25,2025-09-26,1,True
DEC000469,SUP008,2025-09-17,2025-09-19,2,True
DEC000470,SUP005,2025-09-17,2025-09-18,1,True
DEC000471,SUP010,2025-09-18,2025-09-22,4,True
DEC000472,SUP003,2025-09-24,2025-09-25,1,True
DEC000473,SUP010,2025-09-18,2025-09-22,4,True
DEC000474,SUP001,2025-09-19,2025-09-18,-1,False
DEC000475,SUP009,2025-09-21,2025-09-22,1,True
DEC000476,SUP006,2025-09-27,2025-09-26,-1,False
DEC000477,SUP006,2025-09-27,2025-09-26,-1,False
DEC000478,SUP001,2025-09-20,2025-09-19,-1,False
DEC000479,SUP004,2025-09-22,2025-09-23,1,True
DEC000480,SUP007,2025-09-28,2025-09-30,2,True
DEC000481,SUP002,2025-09-27,2025-09-28,1,True
DEC000482,SUP007,2025-09-28,2025-09-29,1,True
DEC000483,SUP008,2025-09-21,2025-09-20,-1,False
DEC000484,SUP003,2025-09-27,2025-09-28,1,True
DEC000485,SUP003,2025-09-28,2025-09-27,-1,False
DEC000486,SUP006,2025-09-30,2025-10-01,1,True
DEC000487,SUP001,2025-09-24,2025-09-24,0,False
DEC000488,SUP005,2025-09-22,2025-09-25,3,True
DEC000489,SUP002,2025-09-30,2025-10-01,1,True
DEC000490,SUP004,2025-09-27,2025-09-28,1,True
DEC000491,SUP005,2025-09-24,2025-09-22,-2,False
DEC000492,SUP003,2025-10-02,2025-10-03,1,True
DEC000493,SUP009,2025-09-29,2025-09-30,1,True
DEC000494,SUP006,2025-10-04,2025-10-05,1,True
DEC000495,SUP003,2025-10-03,2025-10-02,-1,False
DEC000496,SUP006,2025-10-05,2025-10-08,3,True
DEC000497,SUP009,2025-09-30,2025-10-01,1,True
DEC000498,SUP007,2025-10-05,2025-10-04,-1,False
DEC000499,SUP009,2025-09-30,2025-09-29,-1,False
DEC000500,SUP003,2025-10-03,2025-10-04,1,True
DEC000501,SUP009,2025-09-30,2025-10-01,1,True
DEC000502,SUP006,2025-10-05,2025-10-07,2,True
DEC000503,SUP008,2025-09-27,2025-09-27,0,False
DEC000504,SUP004,2025-09-30,2025-10-01,1,True
DEC000505,SUP008,2025-09-27,2025-09-30,3,True
DEC000506,SUP004,2025-09-30,2025-09-30,0,False
DEC000507,SUP006,2025-10-06,2025-10-08,2,True
DEC000508,SUP004,2025-10-01,2025-09-30,-1,False
DEC000509,SUP003,2025-10-04,2025-10-05,1,True
DEC000510,SUP004,2025-10-01,2025-10-02,1,True
DEC000511,SUP002,2025-10-06,2025-10-07,1,True
DEC000512,SUP003,2025-10-05,2025-10-04,-1,False
DEC000513,SUP010,2025-09-29,2025-09-27,-2,False
DEC000514,SUP002,2025-10-07,2025-10-08,1,True
DEC000515,SUP006,2025-10-08,2025-10-10,2,True
DEC000516,SUP008,2025-09-30,2025-09-28,-2,False
DEC000517,SUP009,2025-10-03,2025-10-03,0,False
DEC000518,SUP002,2025-10-08,2025-10-10,2,True
DEC000519,SUP007,2025-10-09,2025-10-08,-1,False
DEC000520,SUP006,2025-10-10,2025-10-11,1,True
DEC000521,SUP006,2025-10-10,2025-10-11,1,True
DEC000522,SUP005,2025-10-02,2025-10-02,0,False
DEC000523,SUP008,2025-10-04,2025-10-05,1,True
DEC000524,SUP010,2025-10-04,2025-10-03,-1,False
DEC000525,SUP003,2025-10-10,2025-10-11,1,True
DEC000526,SUP002,2025-10-11,2025-10-12,1,True
DEC000527,SUP005,2025-10-03,2025-10-02,-1,False
DEC000528,SUP003,2025-10-11,2025-10-10,-1,False
DEC000529,SUP008,2025-10-05,2025-10-04,-1,False
DEC000530,SUP004,2025-10-08,2025-10-08,0,False
DEC000531,SUP010,2025-10-06,2025-10-06,0,False
DEC000532,SUP003,2025-10-12,2025-10-11,-1,False
DEC000533,SUP001,2025-10-07,2025-10-08,1,True
DEC000534,SUP004,2025-10-09,2025-10-10,1,True
DEC000535,SUP002,2025-10-14,2025-10-13,-1,False
DEC000536,SUP007,2025-10-15,2025-10-16,1,True
DEC000537,SUP006,2025-10-15,2025-10-16,1,True
DEC000538,SUP008,2025-10-07,2025-10-06,-1,False
DEC000539,SUP001,2025-10-08,2025-10-07,-1,False
