item_id,week,forecast_qty,true_demand,forecast_error_pct
SKU001,2025-03-31,77,75,0.02141
SKU001,2025-04-07,113,102,0.11118
SKU001,2025-04-14,106,93,0.13736
SKU001,2025-04-21,103,97,0.06136
SKU001,2025-04-28,108,116,-0.0665
SKU001,2025-05-05,94,107,-0.12328
SKU001,2025-05-12,112,98,0.1453
SKU001,2025-05-19,108,118,-0.08243
SKU001,2025-05-26,94,114,-0.17662
SKU001,2025-06-02,139,111,0.25586
SKU001,2025-06-09,118,118,-0.0012
SKU001,2025-06-16,145,131,0.10708
SKU001,2025-06-23,118,115,0.02498
SKU001,2025-06-30,111,108,0.02871
SKU001,2025-07-07,124,125,-0.00526
SKU001,2025-07-14,123,105,0.16847
SKU001,2025-07-21,131,116,0.12529
SKU001,2025-07-28,125,110,0.14067
SKU001,2025-08-04,116,113,0.02361
SKU001,2025-08-11,100,121,-0.17028
SKU001,2025-08-18,109,108,0.01187
SKU001,2025-08-25,163,134,0.21515
SKU001,2025-09-01,77,98,-0.21457
SKU001,2025-09-08,127,117,0.08849
SKU001,2025-09-15,122,129,-0.05696
SKU001,2025-09-22,116,142,-0.18654
SKU001,2025-09-29,41,39,0.03902
SKU002,2025-03-31,207,200,0.03713
SKU002,2025-04-07,254,269,-0.05494
SKU002,2025-04-14,299,266,0.1232
SKU002,2025-04-21,298,290,0.02884
SKU002,2025-04-28,292,322,-0.09288
SKU002,2025-05-05,263,270,-0.02675
SKU002,2025-05-12,358,293,0.2235
SKU002,2025-05-19,307,307,-0.00079
SKU002,2025-05-26,363,305,0.18919
SKU002,2025-06-02,198,322,-0.38429
SKU002,2025-06-09,281,310,-0.09376
SKU002,2025-06-16,299,365,-0.18178
SKU002,2025-06-23,327,273,0.19909
SKU002,2025-06-30,373,352,0.05847
SKU002,2025-07-07,274,302,-0.09158
SKU002,2025-07-14,250,294,-0.1492
SKU002,2025-07-21,267,300,-0.11029
SKU002,2025-07-28,300,318,-0.05703
SKU002,2025-08-04,404,351,0.15217
SKU002,2025-08-11,304,287,0.06084
SKU002,2025-08-18,155,344,-0.55001
SKU002,2025-08-25,339,340,-0.0039
SKU002,2025-09-01,431,363,0.18799
SKU002,2025-09-08,319,303,0.05273
SKU002,2025-09-15,345,387,-0.10786
SKU002,2025-09-22,309,351,-0.12103
SKU002,2025-09-29,111,105,0.06032
SKU003,2025-03-31,425,460,-0.07673
SKU003,2025-04-07,422,565,-0.2529
SKU003,2025-04-14,527,516,0.0216
SKU003,2025-04-21,467,487,-0.04079
SKU003,2025-04-28,578,604,-0.04375
SKU003,2025-05-05,558,611,-0.08743
SKU003,2025-05-12,578,563,0.02749
SKU003,2025-05-19,432,467,-0.0758
SKU003,2025-05-26,506,584,-0.13341
SKU003,2025-06-02,430,527,-0.18398
SKU003,2025-06-09,586,581,0.00818
SKU003,2025-06-16,690,560,0.23216
SKU003,2025-06-23,640,627,0.02088
SKU003,2025-06-30,505,560,-0.09788
SKU003,2025-07-07,623,590,0.05542
SKU003,2025-07-14,533,477,0.11776
SKU003,2025-07-21,612,579,0.05685
SKU003,2025-07-28,645,557,0.15731
SKU003,2025-08-04,397,516,-0.23094
SKU003,2025-08-11,525,550,-0.04573
SKU003,2025-08-18,625,592,0.05497
SKU003,2025-08-25,941,724,0.29976
SKU003,2025-09-01,668,562,0.18884
SKU003,2025-09-08,539,487,0.10617
SKU003,2025-09-15,698,720,-0.03057
SKU003,2025-09-22,527,716,-0.26404
SKU003,2025-09-29,161,157,0.02403
SKU004,2025-03-31,425,455,-0.06528
SKU004,2025-04-07,584,531,0.09911
SKU004,2025-04-14,601,499,0.20413
SKU004,2025-04-21,462,483,-0.04283
SKU004,2025-04-28,487,562,-0.13304
SKU004,2025-05-05,486,493,-0.01321
SKU004,2025-05-12,651,583,0.11657
SKU004,2025-05-19,748,527,0.41864
SKU004,2025-05-26,518,571,-0.09299
SKU004,2025-06-02,692,626,0.10587
SKU004,2025-06-09,606,573,0.05832
SKU004,2025-06-16,574,505,0.13642
SKU004,2025-06-23,606,518,0.16922
SKU004,2025-06-30,420,508,-0.17351
SKU004,2025-07-07,378,474,-0.20226
SKU004,2025-07-14,706,549,0.28571
SKU004,2025-07-21,530,465,0.13979
SKU004,2025-07-28,564,556,0.01471
SKU004,2025-08-04,612,601,0.01882
SKU004,2025-08-11,545,532,0.02395
SKU004,2025-08-18,528,547,-0.03419
SKU004,2025-08-25,728,639,0.13865
SKU004,2025-09-01,727,582,0.24888
SKU004,2025-09-08,411,444,-0.07457
SKU004,2025-09-15,777,687,0.1305
SKU004,2025-09-22,665,603,0.10261
SKU004,2025-09-29,150,155,-0.03492
SKU005,2025-03-31,124,139,-0.1046
SKU005,2025-04-07,131,156,-0.15767
SKU005,2025-04-14,163,171,-0.0441
SKU005,2025-04-21,175,165,0.06094
SKU005,2025-04-28,216,193,0.11722
SKU005,2025-05-05,178,159,0.12038
SKU005,2025-05-12,176,172,0.02069
SKU005,2025-05-19,180,169,0.06415
SKU005,2025-05-26,153,157,-0.02285
SKU005,2025-06-02,120,146,-0.17566
SKU005,2025-06-09,102,164,-0.37849
SKU005,2025-06-16,98,170,-0.42627
SKU005,2025-06-23,163,156,0.04278
SKU005,2025-06-30,172,192,-0.10508
SKU005,2025-07-07,233,191,0.22123
SKU005,2025-07-14,209,190,0.09753
SKU005,2025-07-21,154,173,-0.10726
SKU005,2025-07-28,186,185,0.00527
SKU005,2025-08-04,249,180,0.38422
SKU005,2025-08-11,175,167,0.04909
SKU005,2025-08-18,146,178,-0.18066
SKU005,2025-08-25,211,223,-0.05316
SKU005,2025-09-01,172,170,0.00989
SKU005,2025-09-08,187,154,0.21648
SKU005,2025-09-15,238,222,0.07058
SKU005,2025-09-22,261,239,0.09347
SKU005,2025-09-29,50,53,-0.05736
SKU006,2025-03-31,124,136,-0.09079
SKU006,2025-04-07,194,178,0.09123
SKU006,2025-04-14,144,170,-0.15396
SKU006,2025-04-21,138,176,-0.21502
SKU006,2025-04-28,193,192,0.00335
SKU006,2025-05-05,167,163,0.02222
SKU006,2025-05-12,154,178,-0.13705
SKU006,2025-05-19,138,148,-0.06834
SKU006,2025-05-26,166,170,-0.02209
SKU006,2025-06-02,127,184,-0.30843
SKU006,2025-06-09,129,183,-0.29393
SKU006,2025-06-16,185,180,0.02537
SKU006,2025-06-23,205,167,0.22502
SKU006,2025-06-30,173,200,-0.13598
SKU006,2025-07-07,192,171,0.12442
SKU006,2025-07-14,212,188,0.12885
SKU006,2025-07-21,205,188,0.08906
SKU006,2025-07-28,154,163,-0.05546
SKU006,2025-08-04,146,138,0.05998
SKU006,2025-08-11,173,168,0.02841
SKU006,2025-08-18,163,174,-0.06131
SKU006,2025-08-25,191,209,-0.08638
SKU006,2025-09-01,223,179,0.24812
SKU006,2025-09-08,154,180,-0.14581
SKU006,2025-09-15,198,192,0.03152
SKU006,2025-09-22,224,236,-0.04956
SKU006,2025-09-29,73,67,0.09299
SKU007,2025-03-31,364,319,0.14245
SKU007,2025-04-07,459,437,0.05081
SKU007,2025-04-14,452,406,0.11373
SKU007,2025-04-21,481,460,0.04573
SKU007,2025-04-28,368,480,-0.23371
SKU007,2025-05-05,330,406,-0.18651
SKU007,2025-05-12,584,453,0.28947
SKU007,2025-05-19,394,429,-0.08227
SKU007,2025-05-26,451,503,-0.10325
SKU007,2025-06-02,499,435,0.14672
SKU007,2025-06-09,601,471,0.27663
SKU007,2025-06-16,375,464,-0.19157
SKU007,2025-06-23,510,500,0.02027
SKU007,2025-06-30,614,513,0.19663
SKU007,2025-07-07,520,496,0.04842
SKU007,2025-07-14,514,503,0.02157
SKU007,2025-07-21,430,476,-0.09664
SKU007,2025-07-28,492,472,0.04341
SKU007,2025-08-04,344,454,-0.2431
SKU007,2025-08-11,499,460,0.08535
SKU007,2025-08-18,495,462,0.07052
SKU007,2025-08-25,563,608,-0.07449
SKU007,2025-09-01,236,440,-0.4627
SKU007,2025-09-08,430,389,0.10664
SKU007,2025-09-15,474,552,-0.14211
SKU007,2025-09-22,442,564,-0.21578
SKU007,2025-09-29,158,148,0.06978
SKU008,2025-03-31,358,285,0.2567
SKU008,2025-04-07,255,309,-0.17498
SKU008,2025-04-14,319,374,-0.14699
SKU008,2025-04-21,411,380,0.08149
SKU008,2025-04-28,264,406,-0.34879
SKU008,2025-05-05,279,316,-0.11815
SKU008,2025-05-12,286,373,-0.23416
SKU008,2025-05-19,375,364,0.0307
SKU008,2025-05-26,432,373,0.1585
SKU008,2025-06-02,327,354,-0.07488
SKU008,2025-06-09,462,404,0.14243
SKU008,2025-06-16,373,371,0.00432
SKU008,2025-06-23,471,411,0.1466
SKU008,2025-06-30,287,336,-0.14624
SKU008,2025-07-07,398,407,-0.02289
SKU008,2025-07-14,348,386,-0.09745
SKU008,2025-07-21,318,386,-0.17722
SKU008,2025-07-28,417,429,-0.0283
SKU008,2025-08-04,424,413,0.02639
SKU008,2025-08-11,352,384,-0.08414
SKU008,2025-08-18,455,366,0.24325
SKU008,2025-08-25,550,501,0.09717
SKU008,2025-09-01,387,364,0.06259
SKU008,2025-09-08,365,399,-0.08421
SKU008,2025-09-15,590,482,0.22487
SKU008,2025-09-22,399,484,-0.17599
SKU008,2025-09-29,152,140,0.0868
SKU009,2025-03-31,146,123,0.18423
SKU009,2025-04-07,104,149,-0.30439
SKU009,2025-04-14,115,117,-0.01518
SKU009,2025-04-21,175,133,0.31555
SKU009,2025-04-28,184,178,0.0313
SKU009,2025-05-05,162,155,0.0481
SKU009,2025-05-12,197,171,0.14998
SKU009,2025-05-19,187,188,-0.00297
SKU009,2025-05-26,114,138,-0.1769
SKU009,2025-06-02,160,156,0.02698
SKU009,2025-06-09,112,139,-0.19686
SKU009,2025-06-16,196,161,0.21679
SKU009,2025-06-23,137,165,-0.16773
SKU009,2025-06-30,147,157,-0.06376
SKU009,2025-07-07,135,152,-0.11445
SKU009,2025-07-14,151,153,-0.01506
SKU009,2025-07-21,135,162,-0.16555
SKU009,2025-07-28,169,142,0.18961
SKU009,2025-08-04,161,150,0.07212
SKU009,2025-08-11,125,153,-0.18229
SKU009,2025-08-18,176,159,0.10387
SKU009,2025-08-25,151,179,-0.15517
SKU009,2025-09-01,123,150,-0.18315
SKU009,2025-09-08,163,153,0.06317
SKU009,2025-09-15,177,166,0.06538
SKU009,2025-09-22,196,190,0.03253
SKU009,2025-09-29,55,54,0.01887
SKU010,2025-03-31,129,121,0.06828
SKU010,2025-04-07,170,140,0.21139
SKU010,2025-04-14,114,132,-0.13387
SKU010,2025-04-21,150,165,-0.09314
SKU010,2025-04-28,225,172,0.30693
SKU010,2025-05-05,178,152,0.1703
SKU010,2025-05-12,168,147,0.14174
SKU010,2025-05-19,182,172,0.05628
SKU010,2025-05-26,113,142,-0.20094
SKU010,2025-06-02,178,185,-0.03946
SKU010,2025-06-09,143,171,-0.1655
SKU010,2025-06-16,152,165,-0.07855
SKU010,2025-06-23,170,186,-0.08604
SKU010,2025-06-30,127,163,-0.22326
SKU010,2025-07-07,169,162,0.04502
SKU010,2025-07-14,163,163,0.00145
SKU010,2025-07-21,129,154,-0.16243
SKU010,2025-07-28,186,167,0.11174
SKU010,2025-08-04,196,173,0.13321
SKU010,2025-08-11,160,161,-0.00364
SKU010,2025-08-18,192,148,0.29994
SKU010,2025-08-25,134,204,-0.34235
SKU010,2025-09-01,142,138,0.02644
SKU010,2025-09-08,144,160,-0.09877
SKU010,2025-09-15,193,212,-0.08915
SKU010,2025-09-22,187,198,-0.05636
SKU010,2025-09-29,44,46,-0.04177
SKU011,2025-03-31,314,381,-0.17522
SKU011,2025-04-07,427,448,-0.04709
SKU011,2025-04-14,509,443,0.14872
SKU011,2025-04-21,538,504,0.06753
SKU011,2025-04-28,517,609,-0.15096
SKU011,2025-05-05,345,461,-0.25059
SKU011,2025-05-12,439,432,0.01525
SKU011,2025-05-19,456,485,-0.05882
SKU011,2025-05-26,494,511,-0.03405
SKU011,2025-06-02,444,419,0.05989
SKU011,2025-06-09,398,462,-0.13759
SKU011,2025-06-16,456,475,-0.04082
SKU011,2025-06-23,490,502,-0.0249
SKU011,2025-06-30,535,490,0.09227
SKU011,2025-07-07,614,610,0.00664
SKU011,2025-07-14,556,520,0.07
SKU011,2025-07-21,577,549,0.0505
SKU011,2025-07-28,564,535,0.05361
SKU011,2025-08-04,421,505,-0.16601
SKU011,2025-08-11,572,536,0.06789
SKU011,2025-08-18,533,458,0.16443
SKU011,2025-08-25,562,612,-0.08204
SKU011,2025-09-01,677,508,0.33312
SKU011,2025-09-08,525,563,-0.06746
SKU011,2025-09-15,495,635,-0.22057
SKU011,2025-09-22,471,615,-0.23382
SKU011,2025-09-29,125,156,-0.20063
SKU012,2025-03-31,208,183,0.1345
SKU012,2025-04-07,236,229,0.03149
SKU012,2025-04-14,285,259,0.10152
SKU012,2025-04-21,240,218,0.10031
SKU012,2025-04-28,227,323,-0.29731
SKU012,2025-05-05,233,232,0.00569
SKU012,2025-05-12,282,253,0.11565
SKU012,2025-05-19,250,233,0.07151
SKU012,2025-05-26,239,248,-0.03614
SKU012,2025-06-02,250,263,-0.05056
SKU012,2025-06-09,266,233,0.14002
SKU012,2025-06-16,214,213,0.00535
SKU012,2025-06-23,326,243,0.34068
SKU012,2025-06-30,230,236,-0.02649
SKU012,2025-07-07,328,282,0.16378
SKU012,2025-07-14,260,285,-0.08726
SKU012,2025-07-21,232,242,-0.04167
SKU012,2025-07-28,229,271,-0.15453
SKU012,2025-08-04,208,235,-0.11565
SKU012,2025-08-11,328,273,0.20106
SKU012,2025-08-18,270,259,0.04317
SKU012,2025-08-25,459,343,0.33733
SKU012,2025-09-01,303,269,0.12709
SKU012,2025-09-08,189,220,-0.14312
SKU012,2025-09-15,257,342,-0.24812
SKU012,2025-09-22,283,312,-0.09228
SKU012,2025-09-29,87,82,0.06706
SKU013,2025-03-31,188,219,-0.14108
SKU013,2025-04-07,203,274,-0.25797
SKU013,2025-04-14,204,278,-0.26744
SKU013,2025-04-21,354,314,0.12853
SKU013,2025-04-28,318,340,-0.06478
SKU013,2025-05-05,301,280,0.07537
SKU013,2025-05-12,324,358,-0.0938
SKU013,2025-05-19,286,300,-0.04668
SKU013,2025-05-26,331,305,0.08402
SKU013,2025-06-02,324,332,-0.02488
SKU013,2025-06-09,217,305,-0.28697
SKU013,2025-06-16,306,294,0.04054
SKU013,2025-06-23,312,305,0.02139
SKU013,2025-06-30,299,288,0.03876
SKU013,2025-07-07,246,316,-0.22088
SKU013,2025-07-14,360,330,0.09222
SKU013,2025-07-21,310,328,-0.05428
SKU013,2025-07-28,308,310,-0.00776
SKU013,2025-08-04,324,299,0.08319
SKU013,2025-08-11,264,299,-0.11858
SKU013,2025-08-18,330,282,0.1689
SKU013,2025-08-25,440,399,0.10301
SKU013,2025-09-01,305,310,-0.0148
SKU013,2025-09-08,312,273,0.14432
SKU013,2025-09-15,382,394,-0.03102
SKU013,2025-09-22,341,372,-0.08399
SKU013,2025-09-29,106,105,0.01251
SKU014,2025-03-31,233,262,-0.11039
SKU014,2025-04-07,245,314,-0.21984
SKU014,2025-04-14,280,300,-0.06551
SKU014,2025-04-21,395,309,0.27778
SKU014,2025-04-28,435,377,0.15504
SKU014,2025-05-05,324,329,-0.01527
SKU014,2025-05-12,301,317,-0.04893
SKU014,2025-05-19,263,337,-0.21849
SKU014,2025-05-26,350,295,0.18717
SKU014,2025-06-02,295,306,-0.03534
SKU014,2025-06-09,377,316,0.19227
SKU014,2025-06-16,280,339,-0.17331
SKU014,2025-06-23,277,332,-0.16637
SKU014,2025-06-30,293,320,-0.08589
SKU014,2025-07-07,261,275,-0.0505
SKU014,2025-07-14,314,338,-0.07058
SKU014,2025-07-21,345,358,-0.03557
SKU014,2025-07-28,363,311,0.16694
SKU014,2025-08-04,253,292,-0.13484
SKU014,2025-08-11,350,343,0.01907
SKU014,2025-08-18,268,328,-0.18393
SKU014,2025-08-25,352,402,-0.12403
SKU014,2025-09-01,353,334,0.05682
SKU014,2025-09-08,283,306,-0.07531
SKU014,2025-09-15,420,408,0.02857
SKU014,2025-09-22,362,405,-0.10547
SKU014,2025-09-29,114,123,-0.0699
SKU015,2025-03-31,265,243,0.08955
SKU015,2025-04-07,261,247,0.05694
SKU015,2025-04-14,239,263,-0.09165
SKU015,2025-04-21,219,255,-0.14236
SKU015,2025-04-28,256,271,-0.05507
SKU015,2025-05-05,303,260,0.16508
SKU015,2025-05-12,235,243,-0.03362
SKU015,2025-05-19,229,268,-0.14492
SKU015,2025-05-26,375,277,0.3539
SKU015,2025-06-02,281,274,0.02713
SKU015,2025-06-09,351,249,0.40862
SKU015,2025-06-16,240,252,-0.04641
SKU015,2025-06-23,224,267,-0.16285
SKU015,2025-06-30,254,284,-0.10543
SKU015,2025-07-07,263,286,-0.08196
SKU015,2025-07-14,278,286,-0.02634
SKU015,2025-07-21,316,283,0.11713
SKU015,2025-07-28,208,252,-0.17278
SKU015,2025-08-04,285,259,0.10014
SKU015,2025-08-11,290,277,0.04821
SKU015,2025-08-18,288,249,0.15662
SKU015,2025-08-25,358,363,-0.01454
SKU015,2025-09-01,230,194,0.1874
SKU015,2025-09-08,315,282,0.11545
SKU015,2025-09-15,332,367,-0.09532
SKU015,2025-09-22,298,313,-0.04844
SKU015,2025-09-29,100,85,0.17311
SKU016,2025-03-31,78,70,0.10837
SKU016,2025-04-07,95,90,0.06088
SKU016,2025-04-14,103,95,0.08401
SKU016,2025-04-21,91,87,0.0424
SKU016,2025-04-28,102,114,-0.1015
SKU016,2025-05-05,111,98,0.12815
SKU016,2025-05-12,137,110,0.24856
SKU016,2025-05-19,117,102,0.1465
SKU016,2025-05-26,79,85,-0.06787
SKU016,2025-06-02,89,115,-0.22609
SKU016,2025-06-09,105,100,0.05192
SKU016,2025-06-16,82,100,-0.17673
SKU016,2025-06-23,110,111,-0.01063
SKU016,2025-06-30,88,97,-0.09261
SKU016,2025-07-07,96,95,0.0125
SKU016,2025-07-14,112,95,0.18009
SKU016,2025-07-21,105,108,-0.03218
SKU016,2025-07-28,102,91,0.12113
SKU016,2025-08-04,121,112,0.07867
SKU016,2025-08-11,98,101,-0.02794
SKU016,2025-08-18,127,90,0.40978
SKU016,2025-08-25,111,111,-0.00051
SKU016,2025-09-01,88,102,-0.13647
SKU016,2025-09-08,83,94,-0.11388
SKU016,2025-09-15,98,105,-0.06351
SKU016,2025-09-22,123,137,-0.10377
SKU016,2025-09-29,44,36,0.21979
SKU017,2025-03-31,109,136,-0.20008
SKU017,2025-04-07,162,184,-0.11721
SKU017,2025-04-14,146,151,-0.03407
SKU017,2025-04-21,182,160,0.13649
SKU017,2025-04-28,214,210,0.01795
SKU017,2025-05-05,231,193,0.19686
SKU017,2025-05-12,174,205,-0.1509
SKU017,2025-05-19,138,159,-0.13259
SKU017,2025-05-26,159,173,-0.08057
SKU017,2025-06-02,153,186,-0.17863
SKU017,2025-06-09,164,151,0.08411
SKU017,2025-06-16,167,197,-0.15198
SKU017,2025-06-23,187,189,-0.0105
SKU017,2025-06-30,197,176,0.12052
SKU017,2025-07-07,204,178,0.14605
SKU017,2025-07-14,140,189,-0.25947
SKU017,2025-07-21,132,187,-0.29478
SKU017,2025-07-28,189,161,0.17316
SKU017,2025-08-04,176,187,-0.05738
SKU017,2025-08-11,207,188,0.10184
SKU017,2025-08-18,203,165,0.22923
SKU017,2025-08-25,235,227,0.03648
SKU017,2025-09-01,210,184,0.14023
SKU017,2025-09-08,144,170,-0.15281
SKU017,2025-09-15,209,221,-0.0562
SKU017,2025-09-22,231,223,0.038
SKU017,2025-09-29,69,73,-0.05237
SKU018,2025-03-31,469,449,0.04512
SKU018,2025-04-07,372,429,-0.13325
SKU018,2025-04-14,406,506,-0.1969
SKU018,2025-04-21,585,491,0.19165
SKU018,2025-04-28,399,609,-0.34542
SKU018,2025-05-05,428,484,-0.11529
SKU018,2025-05-12,428,522,-0.1804
SKU018,2025-05-19,398,499,-0.20155
SKU018,2025-05-26,580,552,0.05064
SKU018,2025-06-02,483,505,-0.04405
SKU018,2025-06-09,498,550,-0.0944
SKU018,2025-06-16,506,570,-0.11244
SKU018,2025-06-23,728,602,0.20864
SKU018,2025-06-30,487,508,-0.04228
SKU018,2025-07-07,636,547,0.16221
SKU018,2025-07-14,499,559,-0.10802
SKU018,2025-07-21,460,524,-0.12173
SKU018,2025-07-28,547,554,-0.01269
SKU018,2025-08-04,498,514,-0.03172
SKU018,2025-08-11,524,566,-0.07454
SKU018,2025-08-18,661,601,0.09914
SKU018,2025-08-25,658,693,-0.05018
SKU018,2025-09-01,532,527,0.00981
SKU018,2025-09-08,560,563,-0.00605
SKU018,2025-09-15,759,666,0.14013
SKU018,2025-09-22,842,630,0.33641
SKU018,2025-09-29,166,168,-0.00952
SKU019,2025-03-31,91,95,-0.04562
SKU019,2025-04-07,156,144,0.08649
SKU019,2025-04-14,110,128,-0.14372
SKU019,2025-04-21,157,142,0.10232
SKU019,2025-04-28,165,159,0.03677
SKU019,2025-05-05,150,148,0.01678
SKU019,2025-05-12,109,140,-0.22327
SKU019,2025-05-19,181,158,0.14732
SKU019,2025-05-26,156,145,0.07747
SKU019,2025-06-02,145,156,-0.06841
SKU019,2025-06-09,146,131,0.11506
SKU019,2025-06-16,143,138,0.03282
SKU019,2025-06-23,124,139,-0.10921
SKU019,2025-06-30,131,154,-0.1517
SKU019,2025-07-07,160,139,0.15378
SKU019,2025-07-14,175,147,0.18833
SKU019,2025-07-21,179,145,0.23697
SKU019,2025-07-28,175,129,0.35957
SKU019,2025-08-04,141,138,0.02127
SKU019,2025-08-11,128,146,-0.12358
SKU019,2025-08-18,146,132,0.10788
SKU019,2025-08-25,190,183,0.03566
SKU019,2025-09-01,116,124,-0.0606
SKU019,2025-09-08,130,133,-0.02044
SKU019,2025-09-15,185,184,0.00361
SKU019,2025-09-22,150,183,-0.18158
SKU019,2025-09-29,57,54,0.04674
SKU020,2025-03-31,325,335,-0.03079
SKU020,2025-04-07,434,411,0.0566
SKU020,2025-04-14,476,404,0.17812
SKU020,2025-04-21,444,437,0.0166
SKU020,2025-04-28,471,471,-0.00074
SKU020,2025-05-05,636,491,0.29592
SKU020,2025-05-12,435,443,-0.01916
SKU020,2025-05-19,486,472,0.02994
SKU020,2025-05-26,561,497,0.1286
SKU020,2025-06-02,420,484,-0.13309
SKU020,2025-06-09,453,496,-0.08739
SKU020,2025-06-16,408,470,-0.13291
SKU020,2025-06-23,529,457,0.15778
SKU020,2025-06-30,319,420,-0.23984
SKU020,2025-07-07,370,434,-0.14689
SKU020,2025-07-14,354,427,-0.17004
SKU020,2025-07-21,465,518,-0.10275
SKU020,2025-07-28,379,465,-0.18595
SKU020,2025-08-04,498,409,0.21669
SKU020,2025-08-11,460,456,0.00779
SKU020,2025-08-18,303,407,-0.25608
SKU020,2025-08-25,528,592,-0.10783
SKU020,2025-09-01,370,472,-0.21551
SKU020,2025-09-08,466,463,0.00606
SKU020,2025-09-15,591,550,0.07427
SKU020,2025-09-22,564,612,-0.07866
SKU020,2025-09-29,154,167,-0.08071
SKU021,2025-03-31,189,195,-0.03029
SKU021,2025-04-07,288,265,0.08567
SKU021,2025-04-14,355,308,0.15421
SKU021,2025-04-21,335,270,0.23914
SKU021,2025-04-28,320,322,-0.00568
SKU021,2025-05-05,247,284,-0.13176
SKU021,2025-05-12,284,260,0.0917
SKU021,2025-05-19,342,300,0.13915
SKU021,2025-05-26,254,316,-0.19712
SKU021,2025-06-02,260,270,-0.03639
SKU021,2025-06-09,275,278,-0.01258
SKU021,2025-06-16,358,282,0.26845
SKU021,2025-06-23,256,283,-0.09498
SKU021,2025-06-30,294,284,0.03507
SKU021,2025-07-07,214,312,-0.31284
SKU021,2025-07-14,215,283,-0.23877
SKU021,2025-07-21,201,212,-0.04953
SKU021,2025-07-28,299,309,-0.03101
SKU021,2025-08-04,337,296,0.13684
SKU021,2025-08-11,352,286,0.2306
SKU021,2025-08-18,272,261,0.04077
SKU021,2025-08-25,339,381,-0.10957
SKU021,2025-09-01,222,283,-0.21696
SKU021,2025-09-08,406,290,0.40063
SKU021,2025-09-15,341,339,0.00509
SKU021,2025-09-22,338,347,-0.02548
SKU021,2025-09-29,93,97,-0.04262
SKU022,2025-03-31,67,73,-0.08899
SKU022,2025-04-07,100,89,0.12065
SKU022,2025-04-14,89,89,-0.00531
SKU022,2025-04-21,131,106,0.23501
SKU022,2025-04-28,111,109,0.01493
SKU022,2025-05-05,108,106,0.02022
SKU022,2025-05-12,93,99,-0.06426
SKU022,2025-05-19,66,102,-0.35175
SKU022,2025-05-26,123,103,0.19298
SKU022,2025-06-02,99,102,-0.03287
SKU022,2025-06-09,101,104,-0.0323
SKU022,2025-06-16,85,93,-0.0865
SKU022,2025-06-23,103,98,0.04867
SKU022,2025-06-30,73,93,-0.21275
SKU022,2025-07-07,128,105,0.22316
SKU022,2025-07-14,98,97,0.01126
SKU022,2025-07-21,75,89,-0.15633
SKU022,2025-07-28,98,96,0.01991
SKU022,2025-08-04,122,104,0.17135
SKU022,2025-08-11,87,86,0.0162
SKU022,2025-08-18,87,88,-0.01242
SKU022,2025-08-25,139,126,0.10662
SKU022,2025-09-01,123,95,0.29141
SKU022,2025-09-08,89,97,-0.07762
SKU022,2025-09-15,108,119,-0.08828
SKU022,2025-09-22,103,135,-0.23878
SKU022,2025-09-29,45,33,0.35799
SKU023,2025-03-31,240,209,0.14729
SKU023,2025-04-07,252,247,0.02127
SKU023,2025-04-14,250,290,-0.13703
SKU023,2025-04-21,184,223,-0.17419
SKU023,2025-04-28,378,271,0.39593
SKU023,2025-05-05,148,247,-0.40118
SKU023,2025-05-12,236,266,-0.11199
SKU023,2025-05-19,277,268,0.03466
SKU023,2025-05-26,242,271,-0.1086
SKU023,2025-06-02,255,254,0.00352
SKU023,2025-06-09,306,289,0.05944
SKU023,2025-06-16,231,254,-0.08985
SKU023,2025-06-23,260,265,-0.01758
SKU023,2025-06-30,292,285,0.02492
SKU023,2025-07-07,248,269,-0.0765
SKU023,2025-07-14,217,257,-0.15488
SKU023,2025-07-21,352,273,0.28872
SKU023,2025-07-28,259,261,-0.0085
SKU023,2025-08-04,284,261,0.08824
SKU023,2025-08-11,291,269,0.08222
SKU023,2025-08-18,312,269,0.16072
SKU023,2025-08-25,364,350,0.04031
SKU023,2025-09-01,224,254,-0.11733
SKU023,2025-09-08,308,262,0.17718
SKU023,2025-09-15,320,335,-0.04546
SKU023,2025-09-22,328,345,-0.04972
SKU023,2025-09-29,98,93,0.05502
SKU024,2025-03-31,295,247,0.19573
SKU024,2025-04-07,258,255,0.01265
SKU024,2025-04-14,340,322,0.05656
SKU024,2025-04-21,333,285,0.16912
SKU024,2025-04-28,340,303,0.12061
SKU024,2025-05-05,213,238,-0.10301
SKU024,2025-05-12,301,275,0.09452
SKU024,2025-05-19,338,286,0.18121
SKU024,2025-05-26,369,289,0.27694
SKU024,2025-06-02,294,323,-0.08871
SKU024,2025-06-09,344,286,0.20369
SKU024,2025-06-16,282,276,0.02265
SKU024,2025-06-23,312,318,-0.0197
SKU024,2025-06-30,276,303,-0.08769
SKU024,2025-07-07,276,297,-0.06978
SKU024,2025-07-14,214,254,-0.1585
SKU024,2025-07-21,218,274,-0.20545
SKU024,2025-07-28,242,289,-0.16219
SKU024,2025-08-04,264,290,-0.09004
SKU024,2025-08-11,367,305,0.20189
SKU024,2025-08-18,290,270,0.07403
SKU024,2025-08-25,254,345,-0.26248
SKU024,2025-09-01,355,296,0.19989
SKU024,2025-09-08,272,289,-0.05742
SKU024,2025-09-15,251,349,-0.28166
SKU024,2025-09-22,443,377,0.17588
SKU024,2025-09-29,55,96,-0.42505
SKU025,2025-03-31,350,410,-0.14551
SKU025,2025-04-07,428,450,-0.04926
SKU025,2025-04-14,386,459,-0.15944
SKU025,2025-04-21,578,429,0.34726
SKU025,2025-04-28,493,477,0.03367
SKU025,2025-05-05,450,404,0.11446
SKU025,2025-05-12,408,451,-0.09558
SKU025,2025-05-19,373,376,-0.00673
SKU025,2025-05-26,414,448,-0.076
SKU025,2025-06-02,448,479,-0.06566
SKU025,2025-06-09,372,402,-0.07391
SKU025,2025-06-16,518,406,0.27592
SKU025,2025-06-23,380,399,-0.04723
SKU025,2025-06-30,402,393,0.02204
SKU025,2025-07-07,406,422,-0.03798
SKU025,2025-07-14,459,421,0.0906
SKU025,2025-07-21,467,478,-0.02351
SKU025,2025-07-28,485,448,0.08254
SKU025,2025-08-04,478,413,0.15718
SKU025,2025-08-11,506,442,0.14566
SKU025,2025-08-18,493,422,0.16771
SKU025,2025-08-25,361,487,-0.25917
SKU025,2025-09-01,561,417,0.3454
SKU025,2025-09-08,527,431,0.22289
SKU025,2025-09-15,430,468,-0.08118
SKU025,2025-09-22,426,447,-0.04725
SKU025,2025-09-29,170,157,0.08479
SKU026,2025-03-31,477,441,0.08255
SKU026,2025-04-07,521,473,0.10218
SKU026,2025-04-14,535,487,0.09958
SKU026,2025-04-21,366,494,-0.25978
SKU026,2025-04-28,500,484,0.03258
SKU026,2025-05-05,405,505,-0.19712
SKU026,2025-05-12,461,508,-0.09244
SKU026,2025-05-19,447,419,0.06612
SKU026,2025-05-26,499,466,0.06984
SKU026,2025-06-02,623,527,0.18228
SKU026,2025-06-09,436,483,-0.09762
SKU026,2025-06-16,501,465,0.07724
SKU026,2025-06-23,449,482,-0.06793
SKU026,2025-06-30,571,497,0.14901
SKU026,2025-07-07,414,511,-0.18922
SKU026,2025-07-14,462,552,-0.16324
SKU026,2025-07-21,558,503,0.11033
SKU026,2025-07-28,418,465,-0.10084
SKU026,2025-08-04,478,538,-0.11085
SKU026,2025-08-11,613,541,0.13326
SKU026,2025-08-18,400,503,-0.20394
SKU026,2025-08-25,676,659,0.02628
SKU026,2025-09-01,547,503,0.08752
SKU026,2025-09-08,419,468,-0.1042
SKU026,2025-09-15,623,626,-0.00465
SKU026,2025-09-22,630,673,-0.06319
SKU026,2025-09-29,154,148,0.03883
SKU027,2025-03-31,262,270,-0.0312
SKU027,2025-04-07,293,313,-0.06484
SKU027,2025-04-14,300,269,0.11366
SKU027,2025-04-21,363,355,0.02185
SKU027,2025-04-28,323,403,-0.19939
SKU027,2025-05-05,340,307,0.10745
SKU027,2025-05-12,382,349,0.09564
SKU027,2025-05-19,308,357,-0.13816
SKU027,2025-05-26,346,387,-0.1049
SKU027,2025-06-02,395,332,0.19009
SKU027,2025-06-09,321,368,-0.12746
SKU027,2025-06-16,387,350,0.10468
SKU027,2025-06-23,323,371,-0.13023
SKU027,2025-06-30,364,377,-0.03548
SKU027,2025-07-07,384,371,0.03499
SKU027,2025-07-14,381,366,0.0404
SKU027,2025-07-21,321,337,-0.04807
SKU027,2025-07-28,387,311,0.2441
SKU027,2025-08-04,296,354,-0.16448
SKU027,2025-08-11,272,343,-0.20737
SKU027,2025-08-18,178,291,-0.38868
SKU027,2025-08-25,510,465,0.09684
SKU027,2025-09-01,246,297,-0.17209
SKU027,2025-09-08,346,319,0.08376
SKU027,2025-09-15,428,432,-0.00951
SKU027,2025-09-22,554,460,0.20338
SKU027,2025-09-29,116,112,0.03422
SKU028,2025-03-31,488,397,0.22901
SKU028,2025-04-07,392,410,-0.04333
SKU028,2025-04-14,455,428,0.06274
SKU028,2025-04-21,351,506,-0.30715
SKU028,2025-04-28,541,515,0.05082
SKU028,2025-05-05,439,419,0.04815
SKU028,2025-05-12,485,478,0.01421
SKU028,2025-05-19,479,429,0.11738
SKU028,2025-05-26,604,523,0.15423
SKU028,2025-06-02,404,386,0.04782
SKU028,2025-06-09,535,481,0.11231
SKU028,2025-06-16,587,470,0.2491
SKU028,2025-06-23,549,469,0.17016
SKU028,2025-06-30,521,489,0.06503
SKU028,2025-07-07,393,513,-0.23484
SKU028,2025-07-14,504,438,0.15066
SKU028,2025-07-21,463,516,-0.10283
SKU028,2025-07-28,554,437,0.26744
SKU028,2025-08-04,532,519,0.02474
SKU028,2025-08-11,334,450,-0.25712
SKU028,2025-08-18,413,444,-0.07073
SKU028,2025-08-25,490,569,-0.13856
SKU028,2025-09-01,524,498,0.05221
SKU028,2025-09-08,475,411,0.15541
SKU028,2025-09-15,617,599,0.03047
SKU028,2025-09-22,679,602,0.12856
SKU028,2025-09-29,158,155,0.01887
SKU029,2025-03-31,488,431,0.13187
SKU029,2025-04-07,445,439,0.01429
SKU029,2025-04-14,408,470,-0.13181
SKU029,2025-04-21,486,429,0.13179
SKU029,2025-04-28,590,526,0.12172
SKU029,2025-05-05,466,468,-0.00431
SKU029,2025-05-12,538,479,0.12355
SKU029,2025-05-19,608,520,0.16969
SKU029,2025-05-26,461,496,-0.07004
SKU029,2025-06-02,462,486,-0.05024
SKU029,2025-06-09,463,518,-0.10614
SKU029,2025-06-16,437,447,-0.02146
SKU029,2025-06-23,635,530,0.19769
SKU029,2025-06-30,509,435,0.17097
SKU029,2025-07-07,538,435,0.23624
SKU029,2025-07-14,593,546,0.0858
SKU029,2025-07-21,641,505,0.2696
SKU029,2025-07-28,488,506,-0.03498
SKU029,2025-08-04,524,502,0.04315
SKU029,2025-08-11,417,503,-0.17008
SKU029,2025-08-18,564,508,0.10974
SKU029,2025-08-25,524,595,-0.11901
SKU029,2025-09-01,384,407,-0.05697
SKU029,2025-09-08,623,490,0.27045
SKU029,2025-09-15,593,586,0.01121
SKU029,2025-09-22,608,633,-0.03873
SKU029,2025-09-29,141,142,-0.00474
SKU030,2025-03-31,121,126,-0.03592
SKU030,2025-04-07,132,126,0.0462
SKU030,2025-04-14,195,139,0.4013
SKU030,2025-04-21,138,155,-0.108
SKU030,2025-04-28,137,173,-0.20844
SKU030,2025-05-05,141,153,-0.07664
SKU030,2025-05-12,219,167,0.30926
SKU030,2025-05-19,173,139,0.24807
SKU030,2025-05-26,154,166,-0.07389
SKU030,2025-06-02,177,152,0.16584
SKU030,2025-06-09,166,168,-0.01329
SKU030,2025-06-16,97,167,-0.41877
SKU030,2025-06-23,152,165,-0.0791
SKU030,2025-06-30,160,149,0.07346
SKU030,2025-07-07,169,165,0.02709
SKU030,2025-07-14,177,156,0.13276
SKU030,2025-07-21,93,151,-0.38209
SKU030,2025-07-28,133,143,-0.06862
SKU030,2025-08-04,121,144,-0.15979
SKU030,2025-08-11,151,149,0.01281
SKU030,2025-08-18,158,148,0.06561
SKU030,2025-08-25,133,177,-0.2512
SKU030,2025-09-01,169,148,0.14287
SKU030,2025-09-08,174,153,0.13652
SKU030,2025-09-15,220,193,0.14075
SKU030,2025-09-22,192,185,0.04024
SKU030,2025-09-29,45,52,-0.12573
SKU031,2025-03-31,445,367,0.2118
SKU031,2025-04-07,494,495,-0.00141
SKU031,2025-04-14,684,614,0.1142
SKU031,2025-04-21,670,600,0.11658
SKU031,2025-04-28,469,639,-0.26626
SKU031,2025-05-05,747,565,0.32299
SKU031,2025-05-12,578,685,-0.15573
SKU031,2025-05-19,527,514,0.02617
SKU031,2025-05-26,606,554,0.09361
SKU031,2025-06-02,541,550,-0.0172
SKU031,2025-06-09,585,498,0.17498
SKU031,2025-06-16,776,656,0.18325
SKU031,2025-06-23,509,492,0.03465
SKU031,2025-06-30,811,600,0.35222
SKU031,2025-07-07,499,613,-0.18545
SKU031,2025-07-14,595,559,0.065
SKU031,2025-07-21,674,587,0.14789
SKU031,2025-07-28,503,635,-0.20714
SKU031,2025-08-04,583,611,-0.04595
SKU031,2025-08-11,383,451,-0.1514
SKU031,2025-08-18,547,517,0.05794
SKU031,2025-08-25,680,709,-0.04023
SKU031,2025-09-01,587,569,0.03113
SKU031,2025-09-08,567,575,-0.01393
SKU031,2025-09-15,693,618,0.12132
SKU031,2025-09-22,700,685,0.02163
SKU031,2025-09-29,178,163,0.09394
SKU032,2025-03-31,412,366,0.12508
SKU032,2025-04-07,435,449,-0.03191
SKU032,2025-04-14,474,502,-0.05634
SKU032,2025-04-21,463,451,0.02673
SKU032,2025-04-28,507,595,-0.14746
SKU032,2025-05-05,472,524,-0.09852
SKU032,2025-05-12,602,528,0.14108
SKU032,2025-05-19,504,503,0.00245
SKU032,2025-05-26,468,518,-0.09611
SKU032,2025-06-02,556,519,0.07091
SKU032,2025-06-09,440,494,-0.11032
SKU032,2025-06-16,518,521,-0.00568
SKU032,2025-06-23,474,544,-0.12934
SKU032,2025-06-30,549,555,-0.01167
SKU032,2025-07-07,468,413,0.13325
SKU032,2025-07-14,489,511,-0.04305
SKU032,2025-07-21,439,512,-0.1432
SKU032,2025-07-28,688,524,0.3125
SKU032,2025-08-04,571,545,0.04858
SKU032,2025-08-11,510,494,0.03249
SKU032,2025-08-18,525,544,-0.03545
SKU032,2025-08-25,692,614,0.12631
SKU032,2025-09-01,654,546,0.19824
SKU032,2025-09-08,547,553,-0.01136
SKU032,2025-09-15,672,670,0.00335
SKU032,2025-09-22,416,587,-0.29215
SKU032,2025-09-29,178,161,0.10623
SKU033,2025-03-31,343,291,0.18025
SKU033,2025-04-07,390,418,-0.06767
SKU033,2025-04-14,269,295,-0.08701
SKU033,2025-04-21,349,339,0.03024
SKU033,2025-04-28,463,467,-0.00914
SKU033,2025-05-05,234,323,-0.27485
SKU033,2025-05-12,378,423,-0.10726
SKU033,2025-05-19,433,389,0.11267
SKU033,2025-05-26,432,372,0.16174
SKU033,2025-06-02,342,344,-0.00699
SKU033,2025-06-09,546,465,0.17415
SKU033,2025-06-16,531,447,0.18757
SKU033,2025-06-23,404,390,0.03523
SKU033,2025-06-30,470,413,0.13682
SKU033,2025-07-07,329,405,-0.18837
SKU033,2025-07-14,436,433,0.00591
SKU033,2025-07-21,536,486,0.10281
SKU033,2025-07-28,541,426,0.27053
SKU033,2025-08-04,354,436,-0.1889
SKU033,2025-08-11,520,374,0.39138
SKU033,2025-08-18,418,414,0.00945
SKU033,2025-08-25,386,521,-0.25846
SKU033,2025-09-01,439,421,0.04288
SKU033,2025-09-08,382,400,-0.04425
SKU033,2025-09-15,511,513,-0.00389
SKU033,2025-09-22,466,480,-0.02838
SKU033,2025-09-29,161,146,0.10113
SKU034,2025-03-31,200,209,-0.04391
SKU034,2025-04-07,294,321,-0.0855
SKU034,2025-04-14,350,280,0.24898
SKU034,2025-04-21,281,304,-0.07673
SKU034,2025-04-28,304,349,-0.12988
SKU034,2025-05-05,304,335,-0.09325
SKU034,2025-05-12,343,304,0.12754
SKU034,2025-05-19,364,304,0.1959
SKU034,2025-05-26,328,304,0.07897
SKU034,2025-06-02,295,305,-0.03145
SKU034,2025-06-09,174,315,-0.44815
SKU034,2025-06-16,241,267,-0.09782
SKU034,2025-06-23,303,303,0.00038
SKU034,2025-06-30,260,354,-0.26555
SKU034,2025-07-07,342,326,0.05024
SKU034,2025-07-14,290,298,-0.02543
SKU034,2025-07-21,268,287,-0.06767
SKU034,2025-07-28,286,298,-0.03893
SKU034,2025-08-04,334,315,0.06036
SKU034,2025-08-11,290,286,0.01542
SKU034,2025-08-18,279,280,-0.00196
SKU034,2025-08-25,488,408,0.19653
SKU034,2025-09-01,283,274,0.0333
SKU034,2025-09-08,412,346,0.18998
SKU034,2025-09-15,375,395,-0.04943
SKU034,2025-09-22,472,409,0.15329
SKU034,2025-09-29,99,82,0.20179
SKU035,2025-03-31,198,187,0.06114
SKU035,2025-04-07,234,206,0.13575
SKU035,2025-04-14,281,270,0.04012
SKU035,2025-04-21,246,222,0.10682
SKU035,2025-04-28,202,243,-0.16815
SKU035,2025-05-05,237,225,0.0528
SKU035,2025-05-12,203,197,0.03161
SKU035,2025-05-19,211,201,0.04914
SKU035,2025-05-26,184,238,-0.22722
SKU035,2025-06-02,253,224,0.12976
SKU035,2025-06-09,271,235,0.15437
SKU035,2025-06-16,259,245,0.05611
SKU035,2025-06-23,272,223,0.21812
SKU035,2025-06-30,235,219,0.07115
SKU035,2025-07-07,243,239,0.01711
SKU035,2025-07-14,159,213,-0.25504
SKU035,2025-07-21,192,241,-0.20486
SKU035,2025-07-28,209,228,-0.08336
SKU035,2025-08-04,184,228,-0.19447
SKU035,2025-08-11,194,200,-0.03043
SKU035,2025-08-18,233,228,0.02382
SKU035,2025-08-25,252,300,-0.15907
SKU035,2025-09-01,203,259,-0.21548
SKU035,2025-09-08,187,198,-0.05454
SKU035,2025-09-15,218,280,-0.21965
SKU035,2025-09-22,271,280,-0.03293
SKU035,2025-09-29,77,61,0.2557
SKU036,2025-03-31,300,348,-0.13691
SKU036,2025-04-07,379,391,-0.03189
SKU036,2025-04-14,402,383,0.04928
SKU036,2025-04-21,358,373,-0.04122
SKU036,2025-04-28,529,479,0.10437
SKU036,2025-05-05,562,456,0.23323
SKU036,2025-05-12,354,436,-0.18705
SKU036,2025-05-19,372,436,-0.14748
SKU036,2025-05-26,334,390,-0.14469
SKU036,2025-06-02,421,364,0.15533
SKU036,2025-06-09,394,420,-0.06285
SKU036,2025-06-16,348,433,-0.1956
SKU036,2025-06-23,392,360,0.08805
SKU036,2025-06-30,610,440,0.38596
SKU036,2025-07-07,472,422,0.11774
SKU036,2025-07-14,533,392,0.35904
SKU036,2025-07-21,358,394,-0.09204
SKU036,2025-07-28,448,373,0.20081
SKU036,2025-08-04,387,367,0.05456
SKU036,2025-08-11,496,397,0.24938
SKU036,2025-08-18,426,473,-0.10017
SKU036,2025-08-25,567,490,0.15665
SKU036,2025-09-01,399,391,0.02002
SKU036,2025-09-08,259,432,-0.39957
SKU036,2025-09-15,610,511,0.19317
SKU036,2025-09-22,539,480,0.12255
SKU036,2025-09-29,113,96,0.18148
SKU037,2025-03-31,141,140,0.00462
SKU037,2025-04-07,130,122,0.06548
SKU037,2025-04-14,174,143,0.21445
SKU037,2025-04-21,154,149,0.03562
SKU037,2025-04-28,167,183,-0.08669
SKU037,2025-05-05,149,177,-0.15558
SKU037,2025-05-12,147,177,-0.16884
SKU037,2025-05-19,180,173,0.04215
SKU037,2025-05-26,151,159,-0.04881
SKU037,2025-06-02,156,154,0.01126
SKU037,2025-06-09,127,114,0.11097
SKU037,2025-06-16,184,173,0.06522
SKU037,2025-06-23,138,165,-0.16356
SKU037,2025-06-30,163,173,-0.05887
SKU037,2025-07-07,155,175,-0.11515
SKU037,2025-07-14,138,163,-0.15189
SKU037,2025-07-21,139,150,-0.07016
SKU037,2025-07-28,148,173,-0.14218
SKU037,2025-08-04,166,172,-0.03286
SKU037,2025-08-11,164,152,0.07591
SKU037,2025-08-18,181,169,0.07266
SKU037,2025-08-25,271,209,0.29428
SKU037,2025-09-01,169,160,0.05521
SKU037,2025-09-08,192,181,0.06345
SKU037,2025-09-15,226,222,0.01687
SKU037,2025-09-22,176,199,-0.11457
SKU037,2025-09-29,46,54,-0.14452
SKU038,2025-03-31,354,334,0.05972
SKU038,2025-04-07,569,484,0.17553
SKU038,2025-04-14,381,436,-0.12686
SKU038,2025-04-21,375,410,-0.08611
SKU038,2025-04-28,631,516,0.22294
SKU038,2025-05-05,488,450,0.08378
SKU038,2025-05-12,537,503,0.06705
SKU038,2025-05-19,383,398,-0.03728
SKU038,2025-05-26,522,478,0.09177
SKU038,2025-06-02,377,474,-0.20499
SKU038,2025-06-09,391,440,-0.11193
SKU038,2025-06-16,562,493,0.14017
SKU038,2025-06-23,533,506,0.05336
SKU038,2025-06-30,517,478,0.0808
SKU038,2025-07-07,382,465,-0.17845
SKU038,2025-07-14,433,522,-0.17079
SKU038,2025-07-21,601,490,0.22693
SKU038,2025-07-28,444,475,-0.0646
SKU038,2025-08-04,394,434,-0.09235
SKU038,2025-08-11,485,452,0.07358
SKU038,2025-08-18,582,506,0.14997
SKU038,2025-08-25,490,571,-0.14169
SKU038,2025-09-01,368,427,-0.13857
SKU038,2025-09-08,445,474,-0.06103
SKU038,2025-09-15,630,637,-0.01022
SKU038,2025-09-22,552,539,0.02396
SKU038,2025-09-29,182,176,0.03319
SKU039,2025-03-31,180,163,0.10238
SKU039,2025-04-07,216,182,0.18513
SKU039,2025-04-14,188,213,-0.11924
SKU039,2025-04-21,238,193,0.23451
SKU039,2025-04-28,238,254,-0.06356
SKU039,2025-05-05,172,236,-0.27095
SKU039,2025-05-12,207,215,-0.03761
SKU039,2025-05-19,226,233,-0.02999
SKU039,2025-05-26,170,218,-0.21886
SKU039,2025-06-02,180,225,-0.2012
SKU039,2025-06-09,208,220,-0.05488
SKU039,2025-06-16,274,207,0.32356
SKU039,2025-06-23,261,246,0.05972
SKU039,2025-06-30,224,187,0.19974
SKU039,2025-07-07,200,189,0.05602
SKU039,2025-07-14,210,236,-0.10937
SKU039,2025-07-21,271,231,0.1725
SKU039,2025-07-28,250,244,0.02587
SKU039,2025-08-04,259,220,0.17916
SKU039,2025-08-11,246,238,0.03396
SKU039,2025-08-18,261,238,0.09696
SKU039,2025-08-25,294,271,0.08381
SKU039,2025-09-01,213,220,-0.03168
SKU039,2025-09-08,175,204,-0.14025
SKU039,2025-09-15,209,250,-0.16548
SKU039,2025-09-22,306,270,0.13335
SKU039,2025-09-29,68,65,0.04746
SKU040,2025-03-31,398,341,0.16822
SKU040,2025-04-07,442,384,0.15088
SKU040,2025-04-14,534,422,0.26457
SKU040,2025-04-21,360,381,-0.05603
SKU040,2025-04-28,414,405,0.02235
SKU040,2025-05-05,448,359,0.24818
SKU040,2025-05-12,389,352,0.10599
SKU040,2025-05-19,367,382,-0.0398
SKU040,2025-05-26,435,407,0.06963
SKU040,2025-06-02,539,404,0.33408
SKU040,2025-06-09,472,392,0.20461
SKU040,2025-06-16,282,419,-0.32629
SKU040,2025-06-23,345,417,-0.17378
SKU040,2025-06-30,458,427,0.07274
SKU040,2025-07-07,440,422,0.04285
SKU040,2025-07-14,349,429,-0.18621
SKU040,2025-07-21,420,429,-0.02135
SKU040,2025-07-28,382,412,-0.07347
SKU040,2025-08-04,425,440,-0.03331
SKU040,2025-08-11,516,377,0.3683
SKU040,2025-08-18,385,437,-0.11897
SKU040,2025-08-25,528,538,-0.01815
SKU040,2025-09-01,477,413,0.15399
SKU040,2025-09-08,325,364,-0.10719
SKU040,2025-09-15,565,455,0.24144
SKU040,2025-09-22,593,515,0.1514
SKU040,2025-09-29,156,128,0.21755
SKU041,2025-03-31,362,286,0.26639
SKU041,2025-04-07,305,347,-0.12057
SKU041,2025-04-14,371,378,-0.01795
SKU041,2025-04-21,472,384,0.22879
SKU041,2025-04-28,462,382,0.20834
SKU041,2025-05-05,267,338,-0.21067
SKU041,2025-05-12,455,361,0.26084
SKU041,2025-05-19,402,381,0.05612
SKU041,2025-05-26,375,329,0.1409
SKU041,2025-06-02,276,357,-0.22691
SKU041,2025-06-09,335,365,-0.08106
SKU041,2025-06-16,463,353,0.31277
SKU041,2025-06-23,346,363,-0.04659
SKU041,2025-06-30,449,386,0.1631
SKU041,2025-07-07,353,389,-0.09351
SKU041,2025-07-14,410,365,0.12338
SKU041,2025-07-21,349,311,0.12251
SKU041,2025-07-28,336,374,-0.10082
SKU041,2025-08-04,288,348,-0.1722
SKU041,2025-08-11,422,380,0.10937
SKU041,2025-08-18,289,372,-0.22328
SKU041,2025-08-25,397,436,-0.08986
SKU041,2025-09-01,381,356,0.06996
SKU041,2025-09-08,372,317,0.17452
SKU041,2025-09-15,385,420,-0.0825
SKU041,2025-09-22,548,475,0.15313
SKU041,2025-09-29,116,123,-0.05525
SKU042,2025-03-31,367,415,-0.11652
SKU042,2025-04-07,318,340,-0.06395
SKU042,2025-04-14,284,378,-0.24906
SKU042,2025-04-21,425,430,-0.01174
SKU042,2025-04-28,694,496,0.39892
SKU042,2025-05-05,444,442,0.00341
SKU042,2025-05-12,426,447,-0.04642
SKU042,2025-05-19,652,532,0.2251
SKU042,2025-05-26,506,469,0.07932
SKU042,2025-06-02,384,461,-0.16655
SKU042,2025-06-09,477,498,-0.04256
SKU042,2025-06-16,437,434,0.006
SKU042,2025-06-23,351,392,-0.10433
SKU042,2025-06-30,438,405,0.08199
SKU042,2025-07-07,429,503,-0.14629
SKU042,2025-07-14,502,436,0.15172
SKU042,2025-07-21,431,446,-0.0347
SKU042,2025-07-28,321,455,-0.29459
SKU042,2025-08-04,363,427,-0.14978
SKU042,2025-08-11,396,428,-0.0754
SKU042,2025-08-18,399,411,-0.02872
SKU042,2025-08-25,527,520,0.01315
SKU042,2025-09-01,453,472,-0.04093
SKU042,2025-09-08,517,466,0.11031
SKU042,2025-09-15,684,540,0.26696
SKU042,2025-09-22,470,537,-0.12568
SKU042,2025-09-29,111,118,-0.058
SKU043,2025-03-31,211,206,0.02244
SKU043,2025-04-07,287,264,0.08798
SKU043,2025-04-14,264,241,0.09577
SKU043,2025-04-21,293,292,0.00486
SKU043,2025-04-28,380,314,0.21059
SKU043,2025-05-05,299,297,0.00809
SKU043,2025-05-12,232,257,-0.09683
SKU043,2025-05-19,303,262,0.15784
SKU043,2025-05-26,222,257,-0.13615
SKU043,2025-06-02,319,267,0.19289
SKU043,2025-06-09,365,275,0.32662
SKU043,2025-06-16,192,251,-0.23338
SKU043,2025-06-23,321,283,0.13369
SKU043,2025-06-30,370,288,0.28383
SKU043,2025-07-07,272,300,-0.09186
SKU043,2025-07-14,286,247,0.15745
SKU043,2025-07-21,328,306,0.07119
SKU043,2025-07-28,288,303,-0.05024
SKU043,2025-08-04,228,272,-0.16354
SKU043,2025-08-11,253,245,0.03174
SKU043,2025-08-18,291,279,0.04428
SKU043,2025-08-25,278,328,-0.15114
SKU043,2025-09-01,233,256,-0.08853
SKU043,2025-09-08,259,294,-0.1192
SKU043,2025-09-15,388,291,0.3324
SKU043,2025-09-22,259,366,-0.29231
SKU043,2025-09-29,64,83,-0.22593
SKU044,2025-03-31,80,100,-0.20161
SKU044,2025-04-07,107,109,-0.01641
SKU044,2025-04-14,163,122,0.33518
SKU044,2025-04-21,102,112,-0.0933
SKU044,2025-04-28,148,166,-0.106
SKU044,2025-05-05,158,155,0.01731
SKU044,2025-05-12,142,132,0.0733
SKU044,2025-05-19,74,111,-0.32923
SKU044,2025-05-26,132,142,-0.07165
SKU044,2025-06-02,122,130,-0.05919
SKU044,2025-06-09,126,127,-0.00642
SKU044,2025-06-16,116,145,-0.20319
SKU044,2025-06-23,115,136,-0.15313
SKU044,2025-06-30,105,124,-0.1496
SKU044,2025-07-07,117,123,-0.04571
SKU044,2025-07-14,154,163,-0.05417
SKU044,2025-07-21,129,139,-0.06984
SKU044,2025-07-28,115,134,-0.1388
SKU044,2025-08-04,101,127,-0.20762
SKU044,2025-08-11,121,139,-0.12961
SKU044,2025-08-18,121,131,-0.07317
SKU044,2025-08-25,269,192,0.39943
SKU044,2025-09-01,119,141,-0.15937
SKU044,2025-09-08,126,122,0.03639
SKU044,2025-09-15,214,195,0.09717
SKU044,2025-09-22,153,178,-0.13869
SKU044,2025-09-29,52,46,0.13437
SKU045,2025-03-31,522,467,0.11786
SKU045,2025-04-07,379,479,-0.20803
SKU045,2025-04-14,550,472,0.16573
SKU045,2025-04-21,434,470,-0.07689
SKU045,2025-04-28,642,662,-0.03059
SKU045,2025-05-05,610,583,0.04618
SKU045,2025-05-12,616,617,-0.00181
SKU045,2025-05-19,640,594,0.07703
SKU045,2025-05-26,803,645,0.24537
SKU045,2025-06-02,563,529,0.06512
SKU045,2025-06-09,616,565,0.09103
SKU045,2025-06-16,694,617,0.1241
SKU045,2025-06-23,522,546,-0.04452
SKU045,2025-06-30,661,576,0.14691
SKU045,2025-07-07,639,585,0.09243
SKU045,2025-07-14,603,602,0.0018
SKU045,2025-07-21,746,575,0.29652
SKU045,2025-07-28,467,527,-0.11303
SKU045,2025-08-04,807,618,0.30532
SKU045,2025-08-11,527,573,-0.07964
SKU045,2025-08-18,546,543,0.00589
SKU045,2025-08-25,876,671,0.30599
SKU045,2025-09-01,658,515,0.27688
SKU045,2025-09-08,620,547,0.13384
SKU045,2025-09-15,579,685,-0.15503
SKU045,2025-09-22,753,718,0.04831
SKU045,2025-09-29,159,157,0.00968
SKU046,2025-03-31,103,115,-0.10087
SKU046,2025-04-07,143,191,-0.24973
SKU046,2025-04-14,158,171,-0.07585
SKU046,2025-04-21,229,171,0.33918
SKU046,2025-04-28,155,210,-0.26427
SKU046,2025-05-05,162,177,-0.08709
SKU046,2025-05-12,159,171,-0.07236
SKU046,2025-05-19,236,184,0.28453
SKU046,2025-05-26,153,183,-0.16244
SKU046,2025-06-02,178,198,-0.09924
SKU046,2025-06-09,122,176,-0.30949
SKU046,2025-06-16,201,211,-0.048
SKU046,2025-06-23,113,170,-0.33359
SKU046,2025-06-30,160,144,0.11381
SKU046,2025-07-07,149,178,-0.16509
SKU046,2025-07-14,210,190,0.10586
SKU046,2025-07-21,132,183,-0.27695
SKU046,2025-07-28,209,193,0.0806
SKU046,2025-08-04,156,169,-0.07784
SKU046,2025-08-11,84,167,-0.49717
SKU046,2025-08-18,149,183,-0.18328
SKU046,2025-08-25,256,232,0.10497
SKU046,2025-09-01,165,188,-0.12186
SKU046,2025-09-08,147,158,-0.06957
SKU046,2025-09-15,198,209,-0.05453
SKU046,2025-09-22,250,229,0.09104
SKU046,2025-09-29,49,61,-0.20402
SKU047,2025-03-31,281,272,0.03344
SKU047,2025-04-07,347,324,0.06958
SKU047,2025-04-14,274,327,-0.1606
SKU047,2025-04-21,290,320,-0.0923
SKU047,2025-04-28,349,380,-0.08173
SKU047,2025-05-05,408,345,0.18334
SKU047,2025-05-12,327,339,-0.03491
SKU047,2025-05-19,323,271,0.19231
SKU047,2025-05-26,300,304,-0.01214
SKU047,2025-06-02,348,334,0.04147
SKU047,2025-06-09,488,380,0.28296
SKU047,2025-06-16,293,314,-0.06697
SKU047,2025-06-23,435,356,0.22254
SKU047,2025-06-30,446,358,0.24465
SKU047,2025-07-07,355,357,-0.0048
SKU047,2025-07-14,299,336,-0.10874
SKU047,2025-07-21,373,385,-0.03018
SKU047,2025-07-28,337,364,-0.07467
SKU047,2025-08-04,306,345,-0.11313
SKU047,2025-08-11,304,325,-0.06495
SKU047,2025-08-18,343,347,-0.0103
SKU047,2025-08-25,514,451,0.13861
SKU047,2025-09-01,393,336,0.17083
SKU047,2025-09-08,372,324,0.14745
SKU047,2025-09-15,388,408,-0.04848
SKU047,2025-09-22,455,433,0.04995
SKU047,2025-09-29,118,118,0.00146
SKU048,2025-03-31,231,222,0.04224
SKU048,2025-04-07,184,307,-0.40209
SKU048,2025-04-14,228,323,-0.29548
SKU048,2025-04-21,303,335,-0.0967
SKU048,2025-04-28,406,366,0.10865
SKU048,2025-05-05,319,284,0.12244
SKU048,2025-05-12,366,310,0.18095
SKU048,2025-05-19,322,282,0.14307
SKU048,2025-05-26,326,268,0.21624
SKU048,2025-06-02,333,352,-0.05492
SKU048,2025-06-09,319,314,0.01534
SKU048,2025-06-16,314,365,-0.13864
SKU048,2025-06-23,334,310,0.07722
SKU048,2025-06-30,406,332,0.22328
SKU048,2025-07-07,395,302,0.30707
SKU048,2025-07-14,295,330,-0.10724
SKU048,2025-07-21,311,313,-0.00789
SKU048,2025-07-28,324,334,-0.02933
SKU048,2025-08-04,395,318,0.24144
SKU048,2025-08-11,367,327,0.12083
SKU048,2025-08-18,316,382,-0.17339
SKU048,2025-08-25,292,361,-0.19019
SKU048,2025-09-01,300,284,0.05512
SKU048,2025-09-08,336,333,0.00846
SKU048,2025-09-15,341,388,-0.12109
SKU048,2025-09-22,424,379,0.11887
SKU048,2025-09-29,75,104,-0.27615
SKU049,2025-03-31,184,208,-0.11607
SKU049,2025-04-07,256,258,-0.00877
SKU049,2025-04-14,295,261,0.12975
SKU049,2025-04-21,323,276,0.17018
SKU049,2025-04-28,273,282,-0.03198
SKU049,2025-05-05,251,256,-0.01956
SKU049,2025-05-12,278,265,0.05022
SKU049,2025-05-19,319,253,0.25971
SKU049,2025-05-26,260,261,-0.00573
SKU049,2025-06-02,213,242,-0.11918
SKU049,2025-06-09,244,271,-0.09801
SKU049,2025-06-16,234,244,-0.03903
SKU049,2025-06-23,282,275,0.02678
SKU049,2025-06-30,319,304,0.0489
SKU049,2025-07-07,227,241,-0.06
SKU049,2025-07-14,313,267,0.1709
SKU049,2025-07-21,273,295,-0.0732
SKU049,2025-07-28,272,263,0.03471
SKU049,2025-08-04,259,292,-0.11248
SKU049,2025-08-11,229,253,-0.09431
SKU049,2025-08-18,246,243,0.01083
SKU049,2025-08-25,246,304,-0.19223
SKU049,2025-09-01,270,228,0.18314
SKU049,2025-09-08,225,243,-0.07278
SKU049,2025-09-15,297,328,-0.0941
SKU049,2025-09-22,342,343,-0.00195
SKU049,2025-09-29,89,95,-0.06105
SKU050,2025-03-31,214,216,-0.00841
SKU050,2025-04-07,216,230,-0.06085
SKU050,2025-04-14,454,336,0.35052
SKU050,2025-04-21,279,252,0.10861
SKU050,2025-04-28,314,295,0.06315
SKU050,2025-05-05,302,244,0.23745
SKU050,2025-05-12,334,322,0.0382
SKU050,2025-05-19,305,268,0.13974
SKU050,2025-05-26,249,237,0.04914
SKU050,2025-06-02,258,269,-0.04175
SKU050,2025-06-09,249,283,-0.11955
SKU050,2025-06-16,333,290,0.14851
SKU050,2025-06-23,309,248,0.24705
SKU050,2025-06-30,246,249,-0.01336
SKU050,2025-07-07,372,315,0.17998
SKU050,2025-07-14,292,301,-0.02881
SKU050,2025-07-21,228,259,-0.12161
SKU050,2025-07-28,270,257,0.04871
SKU050,2025-08-04,266,289,-0.08015
SKU050,2025-08-11,299,270,0.10902
SKU050,2025-08-18,269,270,-0.00221
SKU050,2025-08-25,397,337,0.17705
SKU050,2025-09-01,217,300,-0.27653
SKU050,2025-09-08,284,248,0.14708
SKU050,2025-09-15,419,369,0.1344
SKU050,2025-09-22,322,352,-0.08476
SKU050,2025-09-29,107,98,0.0898
